,name,ra,dec,app_mag,app_mag_flag,redshift_flag,redshift,object_type
,NGC  185,00 38 57.4,+48 20 14,14.84,V,,0.0,S2
,M 31,00 42 44.3,+41 16 10,10.57,V,,0.0,S2
,NGC 3031,09 55 33.2,+69 03 55,11.63,V,,0.0,S3b
,NGC 4736,12 50 52.7,+41 07 10,10.85,V,,0.001,S
,NGC 4826,12 56 43.9,+21 41 00,12.14,V,,0.001,S
,NGC 5253,13 39 56.0,-31 38 24,13.16,V,,0.001,H2
,NGC  253,00 47 33.2,-25 17 17,13.97,V,,0.001,S
,NGC  625,01 35 05.1,-41 26 11,14.18,V,,0.001,H2
,SDSS J14023+5420,14 02 21.0,+54 20 04,18.25,V,,0.001,S1
,NGC 5128,13 25 28.0,-43 01 00,12.76,V,,0.001,B?
,Circinus,14 13 09.8,-65 20 17,12.1,V,,0.001,S1h
,NGC 4552,12 35 40.0,+12 33 23,11.2,V,,0.001,S2
,NGC  404,01 09 27.1,+35 43 05,11.73,V,,0.001,S3
,NGC 4395,12 25 48.9,+33 32 48,10.27,V,,0.001,S1.8
,PC 1311+4635,13 13 22.8,+46 19 30,18.82,R,,0.001,H2
,NGC 5194,13 29 52.4,+47 11 41,13.47,V,,0.001,S2
,NGC 4639,12 42 52.5,+13 15 25,12.72,V,,0.001,S1.0
,NGC 4550,12 35 30.6,+12 13 15,13.54,V,,0.001,S3
,NGC 3738,11 35 47.1,+54 31 32,12.04,V,,0.001,H2
,SDSS J10390+4140,10 39 00.4,+41 40 08,17.6,V,,0.002,S1
,NGC 4548,12 35 26.5,+14 30 24,13.57,V,,0.002,S3
,NGC 4258,12 18 57.5,+47 18 14,11.65,V,,0.002,S2
,NGC 1058,02 43 29.9,+37 20 27,11.75,V,,0.002,S2
,Q 1200+4755,12 02 58.2,+47 39 11,18.99,R,,0.002,AG
,SDSS J12046+1827,12 04 36.1,+18 27 59,19.46,V,,0.002,AG
,NGC 4206,12 15 16.8,+13 01 27,12.8,V,,0.002,S
,SDSS J09328+4725,09 32 49.6,+47 25 22,18.01,V,,0.002,AG
,NGC 4051,12 03 09.6,+44 31 53,12.92,V,,0.002,S1n
,NGC 5866,15 06 29.5,+55 45 48,13.35,V,,0.002,S
,NGC 4625,12 41 52.8,+41 16 27,12.9,V,,0.002,S
,SDSS J07596+1914,07 59 39.8,+19 14 17,18.65,V,,0.002,S1
,NGC 4945,13 05 27.6,-49 28 03,14.4,V,,0.002,S
,SDSS J13289+3108,13 28 56.7,+31 08 46,17.99,V,,0.002,S1
,NGC 3627,11 20 14.9,+12 59 27,11.94,V,,0.002,S3
,SDSS J15199+0804,15 19 56.6,+08 04 22,20.92,V,,0.002,S1
,NGC 3621,11 18 16.5,-32 48 51,9.4,V,,0.002,S2
,SDSS J12439+3210,12 43 56.7,+32 10 15,16.41,V,,0.002,S1
,NGC 4278,12 20 06.9,+29 16 51,10.87,V,,0.002,S3b
,NGC 3486,11 00 23.9,+28 58 30,11.28,V,,0.002,S2
,NGC 1386,03 36 46.4,-35 59 57,12.84,V,,0.002,S1i
,NGC 4594,12 39 59.3,-11 37 23,9.25,V,,0.002,S3
,NGC 2841,09 22 02.0,+50 58 40,12.41,V,,0.002,S3
,SDSS J08132+4559,08 13 13.1,+45 59 26,19.08,V,,0.002,S1
,NGC 3353,10 45 22.4,+55 57 36,13.17,V,,0.003,H2
,NGC 4117,12 07 46.2,+43 07 36,14.3,V,,0.003,S2
,NGC 5643,14 32 40.7,-44 10 28,13.6,V,,0.003,S2
,UGC  7377,12 19 50.6,+29 36 50,10.47,V,,0.003,S3
,NGC 6300,17 16 59.2,-62 49 05,13.08,V,,0.003,S2
,NGC 4941,13 04 13.1,-05 33 06,12.23,V,,0.003,S2
,NGC 3982,11 56 28.1,+55 07 30,11.7,V,,0.003,S1.9
,NGC 1808,05 07 42.3,-37 30 46,12.55,V,,0.003,H2
,NGC 4472,12 29 46.8,+08 00 02,12.17,V,,0.003,S2
,IC 4870,19 37 38.3,-65 48 45,14.63,V,,0.003,H2
,NGC  660,01 43 02.5,+13 38 42,11.86,V,,0.003,S3
,IC 3576,12 36 37.7,+06 37 14,15.4,V,,0.003,H2
,NGC 3423,10 51 14.4,+05 50 24,11.6,V,,0.003,S
,NGC 3718,11 32 34.6,+53 04 04,10.61,V,,0.003,S3b
,NGC 4138,12 09 29.9,+43 41 06,12.24,V,,0.003,S1.9
,NGC 4636,12 42 50.0,+02 41 16,11.84,V,,0.003,S3b
,NGC 5033,13 13 27.5,+36 35 38,12.03,V,,0.003,S1.8
,NGC 4143,12 09 36.2,+42 32 03,12.08,V,,0.003,S3b
,NGC 4102,12 06 23.1,+52 42 39,12.61,V,,0.003,S3
,NGC 4698,12 48 22.9,+08 29 14,12.27,V,,0.003,S2
,Q 0956+4751,09 59 18.5,+47 36 58,18.67,R,,0.003,AG
,NGC 2681,08 53 32.6,+51 18 48,11.33,V,,0.003,S3b
,NGC 4772,12 53 29.4,+02 10 05,12.05,V,,0.003,S3b
,NGC 3169,10 14 14.8,+03 27 59,12.41,V,,0.003,S
,NGC 4151,12 10 32.5,+39 24 21,11.85,V,,0.003,S1.5
,NGC 3928,11 51 47.6,+48 40 59,13.2,V,,0.003,S
,NGC 5879,15 09 46.8,+57 00 00,12.2,V,,0.003,S3
,NGC 3941,11 52 55.4,+36 59 11,11.62,V,,0.003,S2
,NGC 2685,08 55 34.6,+58 44 04,12.7,V,,0.003,S2
,NGC 5005,13 10 56.3,+37 03 30,13.67,V,,0.003,S3b
,NGC 3607,11 16 54.8,+18 03 04,12.76,V,,0.003,S2
,NGC 2787,09 19 18.9,+69 12 12,11.79,V,,0.003,S3b
,NGC 3310,10 38 45.8,+53 30 12,12.15,V,,0.003,H2
,NGC 1068,02 42 40.7,-00 00 47,10.83,V,,0.003,S1h
,NGC 5273,13 42 08.3,+35 39 15,13.12,V,,0.003,S1.9
,NGC 4374,12 25 03.7,+12 53 13,12.31,V,,0.003,S2
,NGC 3227,10 23 30.6,+19 51 56,11.79,V,,0.003,S1.5
,NGC 3079,10 01 58.5,+55 40 50,12.18,V,,0.004,S2
,NGC 4700,12 49 07.1,-11 24 44,14.32,V,,0.004,H2
,NGC 5806,15 00 00.4,+01 53 29,12.4,V,,0.004,S2
,NGC 3177,10 16 34.1,+21 07 23,13.0,V,,0.004,S
,NGC 4486,12 30 49.5,+12 23 28,12.86,V,,0.004,S3
,SDSS J12482-0319,12 48 13.0,-03 19 59,16.27,V,,0.004,S1
,SDSS J09420+5729,09 42 02.6,+57 29 23,19.51,V,,0.004,S1
,KAZ  69,16 16 37.3,+68 12 11,15.3,V,,0.004,S3
,NGC 4438,12 27 45.6,+13 00 32,12.81,V,,0.004,S3b
,NGC 3998,11 57 56.1,+55 27 13,12.1,V,,0.004,S3b
,MCG -06.21.005,09 25 17.8,-34 05 57,17.3,R,,0.004,S
,NGC 4192,12 13 48.3,+14 54 02,13.25,V,,0.004,S3
,NGC 6221,16 52 45.7,-59 12 59,13.45,V,,0.004,S2
,NGC 1672,04 45 42.2,-59 14 51,12.23,V,,0.004,S
,SDSS J01143+0055,01 14 20.5,+00 55 02,20.12,V,,0.004,S1
,NGC 4517,12 32 45.6,+00 06 54,11.5,V,,0.004,S3
,NGC 3226,10 23 27.0,+19 53 54,13.33,V,,0.004,S3b
,NGC 4411B,12 26 47.3,+08 53 05,12.9,V,,0.004,S2
,NGC 1566,04 20 00.7,-54 56 17,13.17,V,,0.004,S1.5
,NGC 4569,12 36 49.9,+13 09 50,12.31,V,,0.004,S
,MARK 1308,11 54 12.4,+00 08 12,14.19,V,,0.004,H2
,NGC 7217,22 07 52.6,+31 21 33,11.92,V,,0.004,S3
,SDSS J12580+0134,12 58 01.2,+01 34 33,16.31,V,,0.004,S2
,NGC 1097,02 46 19.0,-30 16 28,12.78,V,,0.004,S3b
,NGC  428,01 12 55.7,+00 58 54,11.9,V,,0.004,S3
,NGC 2985,09 50 22.1,+72 16 45,10.61,V,,0.004,S1.9
,NGC 3185,10 17 38.5,+21 41 18,12.29,V,,0.004,S2
,UGC 10713,17 04 33.9,+72 26 45,14.0,V,,0.004,H2
,NGC 4725,12 50 26.6,+25 30 06,12.44,V,,0.004,S2
,NGC 4565,12 36 20.6,+25 59 11,12.43,V,,0.004,S1.9
,MCG -04.30.010,12 40 13.8,-25 19 36,13.5,V,,0.004,S3
,NGC 4203,12 15 05.0,+33 11 50,11.99,V,,0.004,S3b
,NGC 4694,12 48 15.1,+10 59 01,13.36,V,,0.004,H2
,NGC 2768,09 11 37.5,+60 02 14,11.9,V,,0.005,S
,SDSS J14418+0305,14 41 48.7,+03 05 23,19.86,V,,0.005,S1
,ESO 540-G14,00 41 11.8,-21 07 54,15.0,V,,0.005,S2
,NGC 7314,22 35 46.1,-26 03 02,13.11,V,,0.005,S1h
,NGC 4036,12 01 26.8,+61 53 45,11.2,V,,0.005,S3b
,NGC 4383,12 25 25.5,+16 28 11,12.67,V,,0.005,H2
,NGC 3504,11 03 11.2,+27 58 22,12.93,V,,0.005,H2
,SDSS J12455-0032,12 45 31.6,-00 32 23,20.05,V,,0.005,S3
,NGC 5084,13 20 16.8,-21 49 38,12.21,V,,0.005,S3
,NGC 4579,12 37 43.5,+11 49 05,11.72,V,,0.005,S3b
,NGC 3642,11 22 17.8,+59 04 28,14.04,V,,0.005,S3b
,NGC  613,01 34 18.2,-29 25 06,12.71,V,,0.005,S?
,NGC 1042,02 40 23.9,-08 26 01,11.6,V,,0.005,S
,NGC  676,01 48 57.3,+05 54 24,10.5,V,,0.005,S2
,IC 1459,22 57 10.6,-36 27 44,11.85,V,,0.005,S3
,NGC 2217,06 21 39.7,-27 14 01,11.93,V,,0.005,S3
,NGC 7590,23 18 54.8,-42 14 21,13.76,V,,0.005,S2
,NGC 2442,07 36 24.0,-69 31 48,11.2,V,,0.005,S3
,NGC 1052,02 41 04.8,-08 15 21,12.31,V,,0.005,S3b
,NGC 4750,12 50 07.3,+72 52 29,12.1,V,,0.005,S3b
,NGC 7552,23 16 10.8,-42 35 05,12.55,V,,0.005,H2
,NGC 4303,12 21 54.9,+04 28 25,12.6,V,,0.005,S2
,NGC 7582,23 18 23.5,-42 22 14,13.57,V,,0.005,S1i
,NGC 4813,12 56 36.3,-06 49 02,14.15,V,,0.005,S2
,NGC 3032,09 52 08.1,+29 14 10,13.28,V,,0.005,H2
,NGC  918,02 25 50.9,+18 29 46,15.01,V,,0.005,AG
,NGC 7496,23 09 47.3,-43 25 40,13.9,V,,0.005,S2
,NGC 3254,10 29 19.9,+29 29 30,11.6,V,,0.005,S2
,NGC 2655,08 55 38.8,+78 13 25,11.08,V,,0.005,S3
,NGC 4477,12 30 02.2,+13 38 11,12.99,V,,0.005,S2
,ESO 428-G14,07 16 31.2,-29 19 28,13.52,V,,0.005,S2
,NGC 6217,16 32 38.6,+78 11 52,13.88,V,,0.005,H2
,NGC 6814,19 42 40.7,-10 19 23,14.21,V,,0.005,S1.5
,NPM1G-10.0425,12 25 49.3,-11 03 06,16.3,V,,0.006,H2
,NGC  289,00 52 42.2,-31 12 22,13.44,V,,0.006,AG
,NGC 7410,22 55 01.0,-39 39 42,11.8,V,,0.006,S3
,ESO 325-IG41,13 59 05.7,-42 30 27,15.59,V,,0.006,H2
,NGC 5322,13 49 15.3,+60 11 26,14.54,R,,0.006,S
,ESO 005-G04,06 05 42.0,-86 37 54,13.53,V,,0.006,S2
,NGC 5087,13 20 25.0,-20 36 39,12.08,V,,0.006,S3
,NGC 6384,17 32 24.3,+07 03 37,11.1,V,,0.006,S3
,NGC 4105,12 06 40.8,-29 45 36,12.52,V,,0.006,S3
,NGC 7213,22 09 16.3,-47 10 00,12.08,V,,0.006,S3b
,ESO 108-IG17,22 10 47.4,-66 52 11,14.0,V,,0.006,H2
,NGC 1365,03 33 36.4,-36 08 24,12.95,V,,0.006,S1.8
,NGC 3259,10 32 34.9,+65 02 27,16.89,V,,0.006,S1
,NGC 2855,09 21 27.5,-11 54 33,12.23,V,,0.006,S3
,MARK  313,23 02 01.0,+15 57 53,14.0,V,,0.006,S3
,NGC 5678,14 32 05.6,+57 55 17,12.1,V,,0.006,S
,NGC 5861,15 09 16.7,-11 19 20,12.62,V,,0.006,S2
,SDSS J14461-0013,14 46 11.2,-00 13 23,15.58,V,,0.006,S2
,SDSS J01286-0040,01 28 38.5,-00 40 31,20.79,V,,0.006,S1
,SDSS J15083+0147,15 08 22.7,+01 47 55,20.01,V,,0.006,S2
,Q 1102+4641,11 05 41.7,+46 24 50,21.46,R,,0.006,AG
,NGC 2974,09 42 33.3,-03 41 54,12.3,V,,0.006,S2
,NGC 4450,12 28 29.6,+17 05 05,13.19,V,,0.006,S3b
,NGC 5377,13 56 16.7,+47 14 08,12.2,V,,0.006,S3
,UGC  6728,11 45 16.1,+79 40 54,15.88,V,,0.006,S1.2
,NGC 3962,11 54 40.1,-13 58 30,12.16,V,,0.006,S3
,NGC 6951,20 37 14.4,+66 06 20,14.04,V,,0.006,S2
,MARK  620,06 50 08.7,+60 50 45,13.54,V,,0.006,S1h
,NVSS J11501-0402,11 50 09.4,-04 02 32,15.4,R,,0.006,S
,NGC 7479,23 04 56.8,+12 19 25,13.88,V,,0.007,S1.9
,NGC 4501,12 31 59.3,+14 25 13,13.18,V,,0.007,S2
,UGC  6192,11 09 12.4,+61 23 46,15.29,V,,0.007,S2
,NGC 4235,12 17 09.9,+07 11 29,13.6,V,,0.007,S1.2
,NGC 7743,23 44 21.4,+09 56 03,13.28,V,,0.007,S2
,NGC 5953,15 34 32.3,+15 11 38,12.45,V,,0.007,S2
,XMM J00329-4309,00 32 55.3,-43 09 48,19.47,V,,0.007,S1
,NGC 1266,03 16 00.7,-02 25 38,13.93,V,,0.007,S?
,NGC 6000,15 49 49.6,-29 23 11,13.0,V,,0.007,H2
,NGC 4180,12 13 03.0,+07 02 20,13.49,V,,0.007,S2
,SDSS J14582-0106,14 58 13.1,-01 06 13,21.24,V,,0.007,S3
,NGC 7135,21 49 46.0,-34 52 35,13.3,V,,0.007,AG
,MARK  759,12 10 37.6,+16 01 58,13.35,V,,0.007,H2
,NGC 2377,07 24 56.9,-09 39 34,14.77,V,,0.007,H2
,NGC 3081,09 59 29.6,-22 49 34,13.55,V,,0.007,S1h
,SDSS J03043-0659,03 04 20.9,-06 59 46,19.93,V,,0.007,S2
,NGC 4418,12 26 54.7,-00 52 42,13.37,V,,0.007,S2
,NGC 5078,13 19 50.0,-27 24 36,11.8,V,,0.007,S3
,NGC 1161,03 01 14.2,+44 53 50,12.08,V,,0.007,S1.9
,MARK   52,12 25 42.8,+00 34 21,14.12,V,,0.007,H2
,NGC 2325,07 02 40.4,-28 41 49,11.95,R,,0.007,S?
,NGC 5631,14 26 33.2,+56 34 58,12.55,V,,0.007,S2
,NGC 5506,14 13 14.8,-03 12 26,14.38,V,,0.007,S1i
,NGC 2907,09 31 36.6,-16 44 04,12.06,V,,0.007,S3
,NGC 4261,12 19 23.2,+05 49 29,12.87,V,,0.007,S3h
,NGC 3312,10 37 02.5,-27 33 56,13.96,V,,0.007,S3
,NGC 3065,10 01 55.8,+72 10 12,13.19,V,,0.007,S3b
,NGC 5371,13 55 39.9,+40 27 43,11.93,V,,0.007,S?
,NGC 2110,05 52 11.4,-07 27 23,13.51,V,,0.007,S1h
,NGC 4897,13 00 52.9,-13 26 58,13.23,V,,0.008,S2
,NGC 5597,14 24 27.5,-16 45 45,14.18,V,,0.008,H2
,NGC 2824,09 19 02.3,+26 16 11,10.88,V,,0.008,S?
,NGC 7172,22 02 01.9,-31 52 08,13.61,V,,0.008,S2
,MCG -05.23.004,09 31 06.9,-30 21 29,14.0,V,,0.008,S3
,NGC 5929,15 26 06.1,+41 40 15,14.0,V,,0.008,S3
,Abell 1736#14,13 23 45.4,-27 39 36,17.0,V,,0.008,S2
,SDSS J09176+5259,09 17 39.9,+52 59 34,15.97,V,,0.008,S2
,NGC 4412,12 26 35.9,+03 57 54,13.16,V,,0.008,S2
,MARK  201,12 14 09.7,+54 31 35,13.3,V,,0.008,H2
,NGC 6434,17 36 48.6,+72 05 20,13.2,V,,0.008,H2
,Q 1411+4753,14 13 44.7,+47 39 51,17.97,R,,0.008,AG
,SDSS J12122+0004,12 12 14.8,+00 04 20,17.4,V,,0.008,S1
,NGC 3976,11 55 57.4,+06 44 56,12.3,V,,0.008,S2
,NGC 5985,15 39 36.8,+59 19 51,14.22,V,,0.008,S
,NGC 5077,13 19 31.6,-12 39 24,12.85,V,,0.008,S3b
,NGC 4388,12 25 46.7,+12 39 41,13.9,V,,0.008,S1h
,NGC 5353,13 53 26.7,+40 16 59,10.91,R,,0.008,S?
,NGC 4168,12 12 17.3,+13 12 18,12.13,V,,0.008,S1.9
,ESO 434-G40,09 47 40.2,-30 56 54,13.69,V,,0.008,S1i
,NGC 6764,19 08 16.4,+50 55 59,14.32,V,,0.008,H2
,NGC 5347,13 53 17.8,+33 29 27,12.7,V,,0.008,S2
,NGC 5757,14 47 46.0,-19 04 36,13.73,V,,0.008,H2
,NGC 5899,15 15 03.3,+42 02 59,13.21,V,,0.008,AG
,NGC 2782,09 14 05.3,+40 06 47,13.45,V,,0.008,S2
,NGC 3573,11 11 18.6,-36 52 32,12.87,V,,0.008,S3
,MCG -06.30.015,13 35 53.4,-34 17 48,13.61,V,,0.008,S1.5
,NGC 5244,13 38 42.0,-45 51 20,13.3,V,,0.008,H2
,F  348,20 37 00.2,-50 05 22,15.5,V,,0.008,H2
,NGC 6890,20 18 18.1,-44 48 24,14.02,V,,0.008,S1.9
,MCG -05.23.008,09 44 13.1,-28 50 56,13.1,V,,0.008,S3
,NGC 2992,09 45 42.0,-14 19 35,13.78,V,,0.008,S1.9
,NGC 4593,12 39 39.4,-05 20 39,13.15,V,,0.009,S1.0
,NGC 6949,20 35 07.1,+64 48 09,14.5,V,,0.009,H2
,MCG -06.28.025,12 56 28.2,-36 22 14,13.6,V,,0.009,S3
,PKS 0958-314,10 00 40.9,-31 39 51,12.0,V,,0.009,S3
,ESO 509-IG64,13 34 36.5,-23 40 46,14.7,V,,0.009,H2
,NGC 4968,13 07 05.4,-23 40 37,14.79,V,,0.009,S2
,NGC 3783,11 39 01.8,-37 44 19,13.43,V,,0.009,S1.5
,ESO 234-G50,20 35 50.1,-50 11 50,12.5,V,,0.009,H2
,NGC 7378,22 47 47.7,-11 49 00,13.0,V,,0.009,S2
,IC 2560,10 16 19.3,-33 33 59,13.31,V,,0.009,S2
,ESO 138-G01,16 51 20.5,-59 14 11,13.63,V,,0.009,S2
,NGC 3735,11 35 57.5,+70 32 07,12.5,V,,0.009,S2
,ESO 373-G29,09 47 43.4,-32 50 11,14.0,V,,0.009,S2
,ESO 137-G34,16 35 14.2,-58 04 41,12.2,V,,0.009,S2
,ESO 373-G13,09 38 20.5,-33 51 45,13.9,R,,0.009,S
,NGC 3516,11 06 47.4,+72 34 07,12.4,V,,0.009,S1.5
,NGC 7714,23 36 14.1,+02 09 18,14.36,V,,0.009,H2
,PADOVA 1,18 51 59.5,+11 52 33,15.0,V,,0.009,S1
,MARK  607,03 24 48.7,-03 02 32,14.0,V,,0.009,S2
,NGC 4378,12 25 17.9,+04 55 30,13.49,V,,0.009,S2
,SDSS J13453+4142,13 45 19.2,+41 42 45,16.5,V,,0.009,S1.9
,MCG -02.25.025,10 36 58.1,-28 10 34,13.5,V,,0.009,S3
,NGC 5427,14 03 25.9,-06 01 50,13.96,V,,0.009,S2
,NGC 5728,14 42 23.9,-17 15 11,13.4,V,,0.009,S1.9
,MARK  270,13 41 05.8,+67 40 20,14.05,V,,0.009,S2
,MARK  745,11 39 56.3,+16 57 17,14.62,V,,0.01,H2
,MARK  744,11 39 42.6,+31 54 34,13.74,V,,0.01,S1.8
,NGC 6500,17 55 59.8,+18 20 19,12.54,V,,0.01,S3
,NGC 3994,11 57 36.7,+32 16 41,12.87,V,,0.01,S3
,IC 4197,13 08 04.3,-23 47 48,13.9,V,,0.01,S3
,MARK   25,10 03 51.9,+59 26 11,14.42,V,,0.01,H2
,ESO 508-G05,13 06 56.7,-23 55 00,13.6,V,,0.01,S2
,NGC 4990,13 09 17.3,-05 16 22,13.82,V,,0.01,H2
,WEE  64,12 36 45.3,+26 18 06,21.0,V,E,0.01,AG
,NGC 3390,10 48 04.4,-31 32 00,13.41,V,,0.01,S3
,F  280,09 13 30.5,-60 47 21,13.6,V,,0.01,H2
,NGC 3147,10 16 53.2,+73 24 02,12.65,V,,0.01,S2
,ESO 443-G17,12 57 44.9,-29 45 59,13.73,V,,0.01,H2
,MARK  171,11 28 31.6,+58 33 44,12.86,V,,0.01,H2
,NGC 4939,13 04 14.3,-10 20 23,13.8,V,,0.01,S2
,MARK 1126,23 00 47.8,-12 55 08,14.33,V,,0.01,S1.5
,NGC 4696,12 48 49.3,-41 18 40,11.4,V,,0.01,S3
,ESO 377-G24,11 12 32.4,-36 25 35,13.11,V,,0.01,S1
,IC 3370,12 27 37.3,-39 20 16,12.12,V,,0.01,S3
,NGC 4628,12 42 25.3,-06 58 16,14.5,V,,0.01,S2
,KUG 0239+013,02 42 14.3,+01 34 37,16.0,V,,0.01,AG
,IC 5169,22 10 10.0,-36 05 19,14.27,V,,0.01,S2
,ESO 108-G10,22 04 29.8,-66 06 51,15.8,V,,0.01,H2
,NGC 2911,09 33 46.1,+10 09 09,13.83,V,,0.01,S3
,NGC 3367,10 46 34.9,+13 45 02,14.14,V,,0.01,S
,MARK 1092,05 04 19.6,-10 04 35,14.5,V,,0.01,S3
,H 1934-063,19 37 33.1,-06 13 05,15.35,V,,0.01,S1.5
,SDSS J13321+6242,13 32 06.9,+62 42 02,16.14,V,,0.01,S1
,SDSS J15359+5641,15 35 58.9,+56 41 08,20.35,V,,0.011,S1
,Q 0258+0222,03 00 59.3,+02 33 57,17.45,R,,0.011,AG
,NGC 1125,02 51 40.3,-16 39 04,13.13,V,,0.011,S2
,NGC 5905,15 15 23.2,+55 31 05,12.5,V,,0.011,H2
,NGC 7377,22 47 47.5,-22 18 43,12.78,V,,0.011,S3
,NGC 5793,14 59 27.5,-16 41 51,13.32,V,,0.011,S2
,MCG -04.30.029,12 51 31.8,-26 27 07,13.0,V,,0.011,S3
,NGC 2639,08 43 38.0,+50 12 21,11.88,V,,0.011,S3
,ESO 512-G20,14 44 57.0,-23 47 40,14.5,V,,0.011,S1
,NGC 3894,11 48 50.4,+59 24 57,14.15,R,,0.011,S
,SDSS J10510+6546,10 51 03.0,+65 46 53,16.11,V,,0.011,S1
,PKS 2048-57,20 52 02.2,-57 04 07,13.6,V,,0.011,S1h
,NGC 3281,10 31 52.1,-34 51 13,14.02,V,,0.011,S2
,NGC 4936,13 04 16.9,-30 31 34,12.23,V,,0.011,S3
,NGC  424,01 11 27.7,-38 05 01,14.12,V,,0.011,S1h
,NGC 3660,11 23 32.2,-08 39 30,14.45,V,,0.011,S1.8
,Q 1441+4635,14 43 26.7,+46 22 55,17.5,R,,0.011,AG
,IGR J16024-6107,16 01 48.2,-61 08 55,,V,,0.011,S2
,F  182,18 43 26.4,-64 06 14,14.59,V,,0.011,H2
,IC 3639,12 40 52.9,-36 45 21,13.5,V,,0.011,S1h
,LEDA  86269,04 44 09.0,+28 13 00,,V,,0.011,S2
,NGC 4785,12 53 26.8,-48 45 03,12.09,V,,0.012,S2
,IC 1657,01 14 07.0,-32 39 02,13.12,V,,0.012,S2
,NGC 5211,13 33 05.3,-01 02 09,13.1,V,,0.012,S3
,NGC 3171,10 15 36.8,-20 38 50,13.9,V,,0.012,S3
,IC 2202,07 27 54.0,-67 34 27,13.6,V,,0.012,S2
,NGC 4507,12 35 36.5,-39 54 33,13.54,V,,0.012,S1h
,MCG +01.27.020,10 36 35.8,+05 54 38,14.7,V,,0.012,S2
,NGC 7678,23 28 27.8,+22 25 17,15.3,V,,0.012,H2
,Q 0130+0215,01 32 51.5,+02 30 38,18.03,R,,0.012,AG
,NGC  454E,01 14 23.1,-55 23 51,13.58,V,,0.012,S2
,NGC 3798,11 40 13.9,+24 41 49,13.1,V,,0.012,S1
,IRAS 00227+6805,00 25 32.8,+68 21 43,,V,,0.012,S2
,IGR J00256+6821,00 23 32.5,+68 21 44,,V,,0.012,S2
,UGC 11630,20 47 34.1,+00 24 41,12.8,V,,0.012,S2
,UGC  3478,06 32 47.5,+63 40 23,12.9,V,,0.012,S1n
,NPM1G-18.0288,08 58 28.2,-18 47 16,15.5,V,,0.012,S
,NGC 3497,11 07 18.1,-19 28 17,13.0,R,,0.012,S3
,NGC 5395,13 58 38.0,+37 25 28,12.48,V,,0.012,S2
,CTS J13.12,13 51 29.4,-18 13 47,15.5,V,,0.012,S1n
,NGC 1961,05 42 05.4,+69 22 42,12.62,V,,0.012,S3
,MCG -04.24.017,10 05 55.4,-23 03 24,14.5,V,,0.012,S1n
,MCG -04.30.034,12 52 14.8,-26 18 14,13.8,V,,0.012,S3
,NGC 3393,10 48 23.4,-25 09 44,13.95,V,,0.012,S2
,ESO 420-G13,04 13 49.7,-32 00 24,13.3,V,,0.012,S2
,MARK 1066,02 59 58.6,+36 49 14,13.96,V,,0.012,S2
,SDSS J08375+2842,08 37 32.7,+28 42 18,12.72,V,,0.012,S1
,ESO 568-G21,10 41 14.9,-21 01 25,14.5,V,,0.012,S1.9
,MCG +04.48.002,20 28 35.0,+25 44 00,15.4,V,,0.013,S1
,UGC  2936,04 02 48.3,+01 57 55,15.0,V,,0.013,S2
,MARK  703,08 58 50.6,+06 17 33,14.24,V,,0.013,H2
,NGC 4169,12 12 18.9,+29 10 46,13.1,V,,0.013,S2
,Q 2207+0122,22 10 29.9,+01 37 07,18.55,R,,0.013,AG
,MARK  391,08 54 46.4,+39 32 19,14.1,V,,0.013,H2
,NGC 7672,23 27 31.4,+12 23 06,14.21,V,,0.013,S2
,IC 1368,21 14 12.6,+02 10 40,14.3,V,,0.013,S2
,NGC 1194,03 03 49.2,-01 06 15,14.18,V,,0.013,S1.9
,ESO 383-G18,13 33 26.0,-34 00 56,13.6,V,,0.013,S1.8
,NGC 2989,09 45 25.2,-18 22 26,14.5,V,,0.013,H2
,NGC 1241,03 11 14.7,-08 55 19,12.7,V,,0.013,S2
,4U 1344-60,13 47 36.0,-60 37 03,19.0,V,,0.013,S1
,NGC  835,02 09 24.6,-10 08 11,12.45,V,,0.013,S2
,NGC  833,02 09 20.9,-10 07 59,13.0,V,,0.013,S3
,IC 4200,13 09 34.7,-51 58 04,13.82,V,,0.013,AG
,NGC 5135,13 25 44.0,-29 50 02,13.35,V,,0.013,S2
,ESO 500-G34,10 24 31.5,-23 33 10,14.21,V,,0.013,S2
,SDSS J03302-0532,03 30 13.2,-05 32 35,16.39,V,,0.013,S1
,NGC 1050,02 42 35.7,+34 45 46,13.5,V,,0.013,S2
,IC 4296,13 36 39.0,-33 57 58,12.99,V,,0.013,S3
,MCG -01.13.025,04 51 41.6,-03 48 34,14.18,V,,0.013,S1.2
,NGC 5140,13 26 21.7,-33 52 06,12.97,V,,0.013,S3
,ESO 362-G18,05 19 35.8,-32 39 27,13.37,V,,0.013,S1.5
,ESO 103-G35,18 38 20.5,-65 25 39,14.53,V,,0.013,S2
,SDSS J12380+0009,12 38 01.6,+00 09 03,21.24,V,,0.013,S3
,NGC  788,02 01 06.5,-06 48 56,12.76,V,,0.013,S1h
,NGC 5990,15 46 16.5,+02 24 56,13.3,V,,0.013,S2
,G 1314-1532,13 17 27.0,-15 48 21,20.0,V,,0.013,S?
,ESO 506-G04,12 21 49.0,-24 10 05,12.6,V,,0.013,S3
,SDSS J14571+4940,14 57 06.8,+49 40 08,15.94,V,,0.013,AG
,Zw 374.029,20 55 22.3,+02 21 17,15.1,V,,0.013,S1n
,MARK  766,12 18 26.5,+29 48 47,13.57,V,,0.013,S1n
,Zw 063.060,09 45 29.3,+09 36 10,16.61,V,,0.013,S1n
,MARK 1210,08 04 05.9,+05 06 50,13.7,V,,0.013,S2
,NGC 1358,03 33 39.7,-05 05 22,13.05,V,,0.013,S2
,PKS 1306-241,13 08 41.8,-24 22 57,13.9,V,,0.014,S2
,IGR J21277+5656,21 27 44.9,+56 56 40,18.79,V,,0.014,S1n
,NGC 4748,12 52 12.4,-13 24 53,14.03,V,,0.014,S1n
,SDSS J17303+5936,17 30 19.1,+59 36 08,17.2,V,,0.014,S1
,MCG -02.13.024,04 56 37.3,-10 13 08,14.5,V,,0.014,S3
,NGC  237,00 43 27.9,-00 07 32,13.6,V,,0.014,S?
,IGR J20187+4041,20 18 38.8,+40 41 00,,V,,0.014,S2
,NGC 5291,13 47 24.5,-30 24 25,14.0,V,,0.014,S3
,IRAS 11215-2806,11 24 02.8,-28 23 15,13.0,V,,0.014,S2
,ESO 436-G26,10 28 43.0,-31 02 17,14.72,V,,0.014,H2
,MCG +00.11.002,03 57 58.7,-00 11 26,16.4,V,,0.014,S
,NGC 2617,08 35 38.8,-04 05 19,14.0,O,,0.014,S1.8
,NGC 5318,13 50 36.0,+33 42 17,13.5,V,,0.014,S?
,MARK    3,06 15 36.3,+71 02 15,13.34,V,,0.014,S1h
,NGC 1685,04 52 34.2,-02 56 57,15.18,V,,0.014,S1.9
,SDSS J08548+5740,08 54 49.2,+57 40 12,14.6,R,,0.014,S3
,MARK  348,00 48 47.2,+31 57 25,14.59,V,,0.014,S1h
,MARK 1414,08 50 31.6,-03 05 58,15.9,V,,0.014,H2
,NGC 5124,13 24 50.3,-30 18 28,13.1,V,,0.014,S3
,NGC 1204,03 04 40.0,-12 20 29,14.2,V,,0.014,S2
,MARK  686,14 37 22.1,+36 34 04,13.6,V,,0.014,S2
,Zw 308.017,06 16 42.1,+66 30 24,13.43,R,,0.014,S
,NGC 2258,06 47 45.8,+74 28 54,13.0,V,,0.014,S3
,NGC 5675,14 32 39.9,+36 18 09,14.0,V,,0.014,S3
,NGC 5635,14 28 31.9,+27 24 31,13.9,V,,0.014,S3
,PKS 1718-649,17 23 40.9,-65 00 36,15.5,V,,0.014,S3
,SDSS J09086+3235,09 08 38.4,+32 35 34,16.06,V,,0.014,S1
,IC 4729,18 39 57.1,-67 25 32,11.8,V,,0.014,S2
,F   51,18 44 54.0,-62 21 53,14.1,V,,0.014,S1.5
,ESO 267-013,12 04 52.9,-43 43 53,14.15,V,,0.014,S3
,IGR J11366-6002,11 36 42.1,-60 03 07,,V,,0.014,S2
,Q 0851+5625,08 55 32.5,+56 13 52,19.01,R,,0.014,AG
,UGC 11221B,18 22 05.1,+66 37 19,16.0,V,,0.014,S2
,NGC 2650,08 49 58.4,+70 17 57,14.3,V,,0.015,S1.8
,NGC 5292,13 47 40.1,-30 56 21,12.8,V,,0.015,S3
,MCG -06.23.038,10 29 45.6,-38 20 55,14.5,V,,0.015,S
,NPM1G-08.0177,04 40 55.0,-08 22 22,14.5,V,,0.015,S1h
,IC 4597,16 17 39.8,-34 21 57,16.4,V,,0.015,S3
,MARK 1510,14 17 58.6,+26 24 47,14.1,V,,0.015,H2
,MCG -02.08.033,02 57 49.6,-10 10 07,14.02,V,,0.015,S2
,Q J0641-5119,06 41 11.3,-51 19 12,19.4,V,,0.015,AG
,1H 2044-032,20 47 11.6,-03 04 00,,V,,0.015,S1
,IC 1768,02 00 49.9,-25 01 35,14.1,V,,0.015,S3
,NGC 4726,12 51 32.3,-14 13 17,14.2,V,,0.015,S1
,NGC 6812,19 45 24.3,-55 20 48,11.9,R,,0.015,S?
,RXS J05215+6718,05 21 34.6,+67 18 07,17.6,V,,0.015,S1.5
,ESO 323-G77,13 06 26.2,-40 24 52,13.42,V,,0.015,S1.2
,SBS 1221+585,12 23 42.8,+58 14 46,17.24,V,,0.015,S1n
,IC 1813,02 30 49.5,-34 13 14,14.2,V,,0.015,S3
,ESO 136-G06,14 11 57.2,-61 46 10,14.8,V,,0.015,S2
,SDSS J01565-0032,01 56 35.5,-00 32 02,20.76,V,,0.015,S1
,WKK 3646,15 04 37.6,-68 00 00,17.3,V,,0.015,S2
,ESO 104-G11,18 47 44.0,-63 09 23,14.1,V,,0.015,S2
,SDSS J09505+4418,09 50 33.2,+44 18 51,16.23,V,,0.015,AG
,NGC 6860,20 08 47.1,-61 06 00,13.53,V,,0.015,S1.5
,NGC 3035,09 51 55.0,-06 49 23,13.5,V,,0.015,S1.8
,ESO 404-G032,22 08 28.3,-34 06 22,14.33,V,,0.015,S2
,MCG -02.27.009,10 35 27.3,-14 07 07,14.33,V,,0.015,S2
,MARK 1158,01 34 59.5,+35 02 22,14.96,V,,0.015,H2
,NVSS J10077-3511,10 07 42.3,-35 11 00,13.5,R,,0.015,S3
,ESO 136-G006,15 53 35.3,-61 40 58,14.8,V,,0.015,S2
,NGC 2578,08 21 24.3,-13 19 04,13.04,V,,0.015,S
,MCG -02.09.040,03 25 04.9,-12 18 07,14.15,V,,0.015,S2
,NGC 4495,12 31 22.9,+29 08 11,13.46,V,,0.015,S3
,ESO 548-G81,03 42 03.6,-21 14 37,13.68,V,,0.015,S1
,MARK  945,00 25 54.8,-03 25 15,14.54,V,,0.015,S
,NGC 5664,14 33 43.5,-14 37 11,14.52,V,,0.015,S2
,MARK 1157,01 33 31.2,+35 40 05,13.9,V,,0.015,S1h
,UGC  3351,05 45 47.8,+58 42 03,16.0,V,,0.015,S2
,NGC 1713,04 58 54.6,-00 29 20,13.3,V,,0.015,S3
,SDSS J14005+0838,14 00 31.1,+08 38 59,18.73,V,,0.015,AG
,NGC  841,02 11 17.3,+37 29 49,13.4,V,,0.015,S3b
,ESO 565-G19,09 34 43.8,-21 55 42,13.66,V,,0.015,S2
,NGC 1614,04 33 59.8,-08 34 44,13.99,V,,0.015,H2
,UGC  3995,07 44 09.1,+29 14 49,13.3,V,,0.015,S2
,MARK  352,00 59 53.3,+31 49 37,14.81,V,,0.015,S1.0
,IGR J02504+5443,02 50 42.6,+54 42 18,,V,,0.015,S2
,SDSS J15528+4038,15 52 52.8,+40 38 48,13.63,V,,0.015,S1
,SDSS J07350+3249,07 35 02.3,+32 49 19,16.26,V,,0.015,S2
,NGC  266,00 49 48.0,+32 16 40,13.06,V,,0.015,S3b
,NGC 1667,04 48 37.2,-06 19 12,12.86,V,,0.015,S2
,MARK 1419,09 40 36.4,+03 34 37,15.0,V,,0.015,S3
,SDSS J10026+6422,10 02 39.5,+64 22 20,18.5,V,,0.015,S1
,MCG -04.23.014,09 45 17.2,-27 24 21,14.8,V,,0.015,S
,IC 4329A,13 49 19.3,-30 18 34,13.66,V,,0.016,S1.2
,ESO 417-G06,02 56 21.5,-32 11 06,14.3,V,,0.016,S2
,NGC 2945,09 37 41.1,-22 02 06,13.2,V,,0.016,S
,MARK 1040,02 28 14.4,+31 18 41,14.74,V,,0.016,S1.0
,3C 278,12 54 36.1,-12 33 48,11.6,V,,0.016,S3
,NGC 7679,23 28 46.6,+03 30 42,13.5,V,,0.016,S1.9
,MS 04595+0327,05 02 09.0,+03 31 51,14.8,V,,0.016,S1
,NPM1G-04.0195,04 28 26.1,-04 33 49,14.95,V,,0.016,S3
,SDSS J07413+3413,07 41 18.1,+34 13 55,16.26,V,,0.016,S1
,Q 1638+4629,16 40 03.4,+46 23 26,18.37,R,,0.016,AG
,ESO 202-G23,04 28 00.0,-47 54 48,14.9,V,,0.016,S3
,IRAS 09026-3817,09 04 33.3,-38 29 23,16.4,V,,0.016,S1.0
,IGR J14552-5133,14 55 17.8,-51 34 17,17.1,V,,0.016,S1n
,IC 4995,20 19 59.0,-52 37 19,14.06,V,,0.016,S2
,ESO 323-G32,12 53 17.2,-41 37 48,13.9,V,,0.016,S1.9
,ESO 362-G08,05 11 09.0,-34 23 36,12.65,V,,0.016,S2
,NGC 5357,13 55 59.5,-30 20 29,13.51,V,,0.016,S3
,NGC  315,00 57 49.1,+30 21 11,12.5,V,,0.016,S3h
,Q 1209-1105,12 12 10.5,-11 22 41,17.2,V,,0.016,AG
,IC 4518A,14 57 41.2,-43 07 56,15.0,V,,0.016,S2
,ESO 269-G12,12 56 40.7,-46 55 31,14.7,V,,0.016,AG
,MARK    1,01 16 07.2,+33 05 22,14.96,V,,0.016,S2
,MARK  461,13 47 17.7,+34 08 56,14.5,V,,0.016,S2
,MCG -04.52.019,22 10 53.3,-25 04 22,15.1,V,,0.016,S3
,NGC 4903,13 01 22.8,-30 56 06,12.5,V,,0.016,S2
,NGC 1167,03 01 42.4,+35 12 21,12.77,V,,0.016,S3
,MCG -06.23.004,10 10 08.7,-38 08 00,14.1,V,,0.016,S3
,IC 5135,21 48 19.5,-34 57 05,13.87,V,,0.016,S1.9
,1WGA J1611.8-6037,16 11 51.5,-60 37 55,14.7,V,,0.016,S1.5
,UGC  3752,07 14 03.9,+35 16 46,14.8,V,,0.016,S2
,NGC  973,02 34 20.1,+32 30 20,13.55,V,,0.016,S2
,Q 2258+0216A,23 01 26.4,+02 32 42,18.99,R,,0.016,AG
,SDSS J12489+4035,12 48 58.8,+40 35 45,17.19,V,,0.016,S1.9
,SDSS J23123+1436,23 12 21.4,+14 36 33,16.47,V,,0.016,S2
,UGC  4145,07 59 40.2,+15 23 15,14.1,V,,0.016,S2
,UM 319,01 23 21.2,-01 58 36,14.95,V,,0.016,S2
,CXOU J221313-2204,22 13 13.0,-22 04 25,16.4,V,,0.016,H2
,UGC  3157,04 46 29.7,+18 27 40,15.0,V,,0.016,S2
,IRAS 04502-0317,04 52 44.0,-03 13 01,15.0,V,,0.016,S2
,AKN  539,18 28 48.1,+50 22 21,15.0,V,,0.016,S2
,SDSS J11025-0017,11 02 33.3,-00 17 27,17.28,V,,0.017,S1
,NPM1G+13.0367,14 10 41.4,+13 33 29,14.6,V,,0.017,S3
,MARK  577,01 49 29.8,+12 30 32,14.1,V,,0.017,AG
,IRAS 01475-0740,01 50 02.7,-07 25 49,15.62,V,,0.017,S1h
,NGC 7682,23 29 03.9,+03 32 00,14.3,V,,0.017,S1h
,SDSS J09596+0002,09 59 40.2,+00 02 39,20.42,V,,0.017,S1
,1ES 1927+654,19 27 17.6,+65 34 14,15.4,V,,0.017,S2
,NGC 7469,23 03 15.6,+08 52 26,13.04,V,,0.017,S1.5
,NGC 7591,23 18 16.3,+06 35 09,13.47,V,,0.017,S
,MCG -01.05.047,01 52 49.0,-03 26 48,14.24,V,,0.017,S2
,MCG -03.34.064,13 22 24.5,-16 43 42,13.9,V,,0.017,S1h
,NGC 1275,03 19 48.2,+41 30 42,12.48,V,,0.017,S1.5
,SDSS J08056+2610,08 05 38.7,+26 10 05,17.19,V,,0.017,AG
,Q 0050+0220,00 53 07.3,+02 37 15,18.16,R,,0.017,AG
,3C 449.0,22 31 20.7,+39 21 30,14.06,V,,0.017,S
,UGC  1395,01 55 22.1,+06 36 42,14.5,V,,0.017,S1.9
,MARK  341,00 36 52.2,+23 59 06,13.1,V,,0.017,S
,MARK  573,01 43 57.8,+02 20 59,14.07,V,,0.017,S1h
,IGR J20216+4359,20 21 49.0,+44 00 39,19.14,R,,0.017,S2
,IC 1833,02 41 38.7,-28 10 17,14.28,V,,0.017,S2
,MARK  993,01 25 31.4,+32 08 11,13.96,V,,0.017,S1.5
,SDSS J01356+0000,01 35 36.6,+00 00 54,18.21,V,,0.017,S2
,MARK 1044,02 30 05.5,-08 59 53,14.29,V,,0.017,S1n
,IC  164,01 49 08.4,-03 54 15,14.2,V,,0.017,S3
,ESO 139-G12,17 37 39.5,-59 56 29,13.6,V,,0.017,S2
,IC 4687,18 13 37.6,-57 45 10,14.3,V,,0.017,H2
,NGC  777,02 00 14.9,+31 25 46,12.66,V,,0.017,S2
,UGC 12282,22 58 55.4,+40 55 58,14.7,V,,0.017,S1.9
,SDSS J08327+5226,08 32 42.8,+52 26 32,16.55,V,,0.017,S2
,MARK  359,01 27 32.5,+19 10 44,14.22,V,,0.017,S1n
,NGC 5548,14 17 59.6,+25 08 13,13.73,V,,0.017,S1.5
,Q 0148+0126,01 51 24.2,+01 41 47,19.35,R,,0.017,AG
,ESO 299-G20,02 49 33.8,-38 46 12,14.2,V,,0.017,S2
,MCG -01.26.024,10 07 05.3,-05 52 59,15.0,V,,0.017,S3
,2E 0507+1626,05 10 45.5,+16 29 57,15.64,V,,0.017,S1.5
,ESO  18-G09,08 23 59.8,-77 47 14,13.7,V,,0.017,S2
,IRAS 13218-1929,13 24 35.2,-19 45 11,15.0,V,,0.017,S1.9
,ESO 353-G09,01 31 50.4,-33 08 09,13.7,V,,0.017,S2
,IRAS 11353-4854,11 37 44.4,-49 10 38,13.3,V,,0.017,S1.9
,Zw 468.002,05 08 19.7,+17 21 47,13.5,V,,0.017,S2
,IC 4709,18 24 19.4,-56 22 09,14.4,V,,0.017,S2
,SDSS J13354+0124,13 35 24.6,+01 24 37,16.45,V,,0.017,S2
,MCG -02.08.014,02 52 23.4,-08 30 37,16.84,V,,0.017,S2
,MCG -07.05.010,02 10 54.6,-39 21 56,13.4,V,,0.017,S3
,IC 1816,02 31 51.0,-36 40 15,14.26,V,,0.017,S2
,ESO 195-G35,01 15 54.9,-50 11 23,14.25,V,,0.017,S2
,MCG -01.05.031,01 45 25.4,-03 49 38,14.0,V,,0.018,S2
,ESO 045-011,18 40 38.5,-77 09 28,13.7,V,,0.018,S3
,MARK 1058,02 49 51.9,+34 59 17,14.54,V,,0.018,S2
,NGC 3831,11 43 18.6,-12 52 41,13.6,V,,0.018,S2
,PKS 0056-572,00 58 46.7,-56 59 10,17.4,V,,0.018,S1
,SDSS J01469+1307,01 46 59.1,+13 07 29,16.71,V,,0.018,S2
,ESO 116-G18,03 24 53.0,-60 44 17,12.7,V,,0.018,S2
,IGR J14515-5542,14 51 33.2,-55 40 39,18.5,V,,0.018,S2
,UGC  3601,06 55 49.5,+40 00 01,14.8,V,,0.018,S1.5
,AM 0426-625S,04 27 12.5,-62 47 09,13.0,V,,0.018,S2
,MCG -05.12.006,04 52 05.0,-32 59 25,15.0,V,,0.018,S3
,F  334,18 48 11.3,-53 08 51,14.63,V,,0.018,S2
,IC 1417,22 00 21.6,-13 08 50,14.0,V,,0.018,S2
,SDSS J03349-0548,03 34 58.0,-05 48 53,17.44,V,,0.018,S1
,UGC  1479,02 00 19.2,+24 28 26,14.9,V,,0.018,S2
,SDSS J11237-0105,11 23 46.1,-01 05 59,18.25,V,,0.018,S1
,IC 4553,15 34 57.3,+23 30 12,13.88,V,,0.018,S
,NGC  599,01 32 53.8,-12 11 28,13.7,V,,0.018,S
,SDSS J10460+0001,10 46 00.3,+00 01 13,21.88,V,,0.018,S3
,SDSS J16431+4550,16 43 09.5,+45 50 44,15.82,V,,0.018,S2
,UGC  3223,04 59 09.4,+04 58 30,14.41,V,,0.018,S1.5
,SDSS J00217+0033,00 21 45.8,+00 33 27,18.69,V,,0.018,S2
,IRAS 00160-0719,00 18 36.7,-07 02 49,14.1,V,,0.018,S2
,IC  184,01 59 51.3,-06 50 24,14.1,V,,0.018,S2
,UGC  4332,08 19 38.1,+21 06 51,14.89,V,,0.018,S2
,NGC 5968,15 39 57.2,-30 33 10,14.32,V,,0.018,S3
,SDSS J13088-0049,13 08 50.1,-00 49 02,16.19,V,,0.018,S2
,MCG -02.31.015,12 05 57.2,-12 39 50,15.0,V,,0.018,S3
,SDSS J00197+0035,00 19 47.3,+00 35 27,16.76,V,,0.018,S2
,UGC 11805SW,21 44 17.8,+42 15 49,15.2,V,,0.018,S3
,MCG -01.30.041,11 52 37.9,-05 12 26,15.0,V,,0.018,S1.8
,NGC  773,01 58 52.0,-11 30 52,14.0,V,,0.018,S3
,ESO 576-G69,13 30 05.3,-20 55 59,15.83,V,,0.018,S?
,Q 0430+0223,04 33 10.1,+02 30 01,17.64,R,,0.018,AG
,ESO 576-G77,13 30 43.1,-20 57 06,14.9,V,,0.018,S3
,NGC 4404,12 26 16.1,-07 40 50,13.1,V,,0.018,S3
,SDSS J01128-0017,01 12 48.6,-00 17 24,15.58,V,,0.018,S2
,UGC   615,00 59 40.1,+15 19 51,14.2,V,,0.018,S2
,Zw 142.019,18 12 14.1,+21 53 05,14.21,V,,0.018,S
,TOL 1220+051,12 23 16.6,+04 50 10,17.13,V,,0.018,AG
,PGC 64989,20 34 31.4,-30 37 29,13.3,V,,0.019,S1
,UGC  1416,01 56 46.1,+36 53 11,17.5,V,,0.019,S2
,MCG +09.13.070,07 50 32.3,+56 29 02,18.0,V,,0.019,S?
,NGC  291,00 53 29.8,-08 46 04,14.64,V,,0.019,S2
,NGC 3676,11 25 37.5,-11 08 22,14.6,V,,0.019,S3
,NGC 3858,11 45 11.6,-09 18 51,13.94,V,,0.019,S2
,MARK    6,06 52 12.4,+74 25 38,14.19,V,,0.019,S1.5
,NGC 6915,20 27 46.0,-03 04 37,12.4,V,,0.019,S3
,SDSS J01109+0026,01 10 59.3,+00 26 01,15.72,V,,0.019,S1
,Q 1110+4747,11 13 18.5,+47 31 39,19.19,R,,0.019,AG
,NGC 6936,20 35 56.3,-25 16 48,13.8,V,,0.019,S3
,IC 1524,23 59 10.8,-04 07 38,14.5,V,,0.019,S1.0
,UM  63,00 42 49.9,+02 36 50,16.85,R,,0.019,H2
,MCG +06.34.024,15 38 38.5,+36 57 30,14.7,V,,0.019,S?
,ESO 338-G17,19 38 13.1,-38 54 25,14.97,V,,0.019,S?
,Q 1614+4630,16 15 54.7,+46 22 55,18.9,R,,0.019,AG
,ESO 185-IG13,19 45 00.6,-54 15 02,14.98,V,,0.019,H2
,SDSS J10448+0317,10 44 48.5,+03 17 54,19.06,V,,0.019,S1
,NGC  526A,01 23 54.4,-35 03 56,14.6,V,,0.019,S1.9
,NGC  513,01 24 26.8,+33 47 58,13.4,V,,0.019,S1h
,F   49,18 36 58.3,-59 24 09,13.2,V,,0.019,S1h
,NVSS J06472-3801,06 47 14.2,-38 01 49,13.7,I,,0.019,S
,ESO 287-G042,21 38 07.9,-42 36 18,16.15,V,,0.019,S1.8
,NGC  824,02 06 53.1,-36 27 08,14.1,V,,0.019,S?
,MCG -05.04.042,01 31 14.0,-26 51 34,15.4,V,,0.019,S3
,SDSS J13089-0048,13 08 55.3,-00 48 06,16.88,V,,0.019,S2
,SDSS J01054-0028,01 05 24.3,-00 28 21,21.3,V,,0.019,S3
,ESO 033-G02,04 55 58.8,-75 32 28,14.6,V,,0.019,S2
,MARK 1239,09 52 19.1,-01 36 44,14.39,V,,0.019,S1n
,Q 0411-789,04 08 33.1,-78 47 16,16.0,V,,0.019,AG
,GSC 6936 00748,21 07 59.9,-29 50 10,15.1,V,,0.019,S2
,ESO 215-G?14,10 59 18.5,-51 26 30,15.8,V,,0.019,S1
,ESO 339-G11,19 57 37.6,-37 56 08,12.47,V,,0.019,S2
,IC 4218,13 17 03.4,-02 15 41,14.73,V,,0.019,S1.2
,MCG -01.23.019,09 06 34.0,-07 14 27,15.0,V,,0.019,S3
,Q 1516+4635,15 17 55.8,+46 25 04,18.65,R,,0.019,AG
,NGC 3974,11 55 40.1,-12 01 39,14.4,V,,0.019,S3
,NGC 2329,07 09 08.0,+49 36 55,13.1,V,,0.019,S3
,SDSS J11276+0830,11 27 37.2,+08 30 03,20.3,V,,0.019,S1
,ESO 462-G09,20 21 51.6,-31 17 22,14.7,V,,0.019,S2
,MARK  938,00 11 06.6,-12 06 27,13.52,V,,0.019,S2
,Q 1059+4752,11 02 51.2,+47 36 23,19.85,R,,0.019,AG
,MARK  930,23 31 58.3,+28 56 50,15.0,V,,0.019,H2
,RX J08087+0018,08 08 47.1,+00 18 01,13.58,V,,0.019,AG
,NGC 6926,20 33 06.1,-02 01 40,13.87,V,,0.019,S2
,MARK 1310,12 01 14.5,-03 40 40,15.89,V,,0.019,S1.0
,Q 1620+4743,16 21 48.9,+47 36 50,19.02,R,,0.019,AG
,UGC  3255,05 09 50.2,+07 28 59,15.6,V,,0.019,S2
,IRAS 19370-0131,19 39 38.9,-01 24 33,16.42,V,,0.019,H2
,NPM1G-04.0015,00 19 36.0,-04 40 10,14.6,V,,0.02,S3
,ESO 460-G09,19 30 26.6,-31 52 38,14.7,V,,0.02,S
,IRAS 04312+4008,04 34 40.9,+40 14 19,15.2,V,,0.02,S1n
,PKS 1521-30,15 24 33.4,-30 12 21,16.0,V,,0.02,S1
,MCG -03.05.007,01 34 26.3,-15 48 55,14.0,V,,0.02,S
,MCG -01.24.012,09 20 46.2,-08 03 21,13.7,V,,0.02,S2
,Q 1533+3756,15 35 48.4,+37 47 00,19.0,R,,0.02,AG
,IC 1858,02 49 08.5,-31 17 22,14.4,V,,0.02,S3
,NGC  166,00 35 48.8,-13 36 37,15.18,V,,0.02,S2
,WEE  67,12 37 00.2,+25 59 39,18.8,V,E,0.02,AG
,MCG +06.21.068,09 39 17.2,+36 33 44,16.3,V,,0.02,S1.5
,MCG -05.51.008,20 17 06.3,-12 05 51,12.77,R,,0.02,S3
,UGC 11950,22 12 31.5,+38 40 55,14.3,V,,0.02,S3
,SDSS J02136-0043,02 13 38.3,-00 43 01,16.54,V,,0.02,S1
,UGC  8621,13 37 39.8,+39 09 17,19.64,V,,0.02,S1.8
,AKN  479,15 35 52.5,+14 31 04,16.74,V,,0.02,S2
,SDSS J13063-0140,13 06 23.9,-01 40 33,17.67,V,,0.02,S1
,MARK   40,11 25 36.1,+54 22 56,16.47,V,,0.02,S1.0
,AKN   79,02 17 22.9,+38 24 50,13.84,V,,0.02,S2
,IC 1859,02 49 03.9,-31 10 21,14.3,V,,0.02,S2
,MCG +08.11.011,05 54 53.6,+46 26 21,14.62,V,,0.02,S1.5
,ESO 386-G23,14 47 14.4,-37 19 12,15.8,V,,0.02,S3
,MCG -02.02.035,00 30 53.8,-09 12 06,15.28,V,,0.02,S2
,Q 1515+0205,15 17 55.8,+01 54 55,19.21,V,,0.02,AG
,RXS J22197+2120,22 19 45.3,+21 20 48,17.0,V,,0.02,B?
,Q 0309+0223,03 11 40.3,+02 34 23,17.9,R,,0.02,AG
,IC 1481,23 19 25.3,+05 54 21,14.4,V,,0.02,S3
,NGC 6211,16 41 27.8,+57 47 01,14.3,V,,0.02,S2
,XMM J00350-4316,00 35 04.4,-43 16 10,20.65,V,,0.02,S1
,ESO 350-IG38,00 36 52.9,-33 33 29,14.41,V,,0.02,H2
,MCG -04.49.001,20 46 37.2,-23 37 49,14.5,V,,0.02,S3
,PKS 0131-522,01 33 05.8,-52 00 03,18.4,V,,0.02,S1
,NGC 3822,11 42 11.3,+10 16 40,13.7,V,,0.02,S1.9
,SDSS J16025+3457,16 02 34.4,+34 57 58,19.39,V,,0.02,S1
,NGC 1217,03 06 05.9,-39 02 10,13.3,V,,0.02,S3
,ESO 153-G20,02 06 04.1,-55 11 37,14.31,V,,0.02,S2
,MARK  612,03 30 40.9,-03 08 16,14.25,V,,0.02,S2
,4C 50.55,21 24 39.4,+50 58 25,15.4,R,,0.02,S1
,NGC 3303A,10 37 00.1,+18 08 08,14.5,V,,0.02,S3
,IGR J17488-3253,17 48 55.2,-32 54 52,,V,,0.02,S1
,IRAS 06206-0605,06 23 05.3,-06 07 13,16.8,V,,0.02,S2
,MARK  373,06 54 35.1,+50 21 10,14.1,V,,0.02,S1
,D 16,12 57 10.6,+27 24 18,15.0,V,,0.021,S1
,ESO 510-G46,14 01 58.4,-25 32 25,14.3,V,,0.021,S2
,MCG +08.13.022,06 52 37.1,+45 46 49,15.3,V,,0.021,S2
,SDSS J11161+4123,11 16 07.7,+41 23 53,16.98,V,,0.021,S1
,MCG -03.35.014,14 52 41.2,-24 48 27,15.5,V,,0.021,S3
,NGC  926,02 26 06.8,-00 19 54,13.44,V,,0.021,S3
,MARK 1149,00 56 12.4,-14 16 32,15.32,V,,0.021,H2
,MCG -01.27.031,10 39 46.3,-05 28 59,13.91,V,,0.021,S1
,3C  66.0B,02 23 11.6,+42 59 33,14.81,V,,0.021,S1
,NPM1G-17.0312,11 40 42.2,-17 40 10,16.7,V,,0.021,S1n
,MCG -03.27.026,10 42 17.6,-17 40 18,,V,,0.021,S2
,Q 1247+4754,12 49 26.6,+47 37 57,19.15,R,,0.021,AG
,IGR J07565-4139,07 56 19.7,-41 37 42,,V,,0.021,S2
,MCG -01.30.005,11 34 23.3,-09 40 06,15.12,V,,0.021,S2
,MCG -01.22.013,08 28 47.1,-06 56 24,15.5,V,,0.021,S3
,IC 3599,12 37 41.2,+26 42 28,15.6,V,,0.021,S1n
,SDSS J08251+3759,08 25 10.2,+37 59 19,17.39,V,,0.021,AG
,MCG -04.05.044,01 39 20.4,-20 27 10,15.2,V,,0.021,S
,IC 1495,23 30 47.7,-13 29 08,13.0,V,,0.021,S2
,MARK 1388,14 50 37.8,+22 44 04,16.0,V,,0.021,S1.9
,NGC 3862,11 45 05.0,+19 36 24,13.97,V,,0.021,AG
,MARK  585,02 03 30.3,+02 33 59,15.7,V,,0.021,H2
,NGC 7832,00 06 28.5,-03 42 57,13.9,V,,0.021,S3
,GRS 1734-292,17 37 28.3,-29 08 02,21.0,V,,0.021,S1
,UGC 12040,22 27 05.9,+36 21 41,14.6,V,,0.021,S1.9
,SDSS J10071+0048,10 07 11.9,+00 48 32,20.33,V,,0.021,S1
,IRAS F12498+2721,12 52 17.7,+27 05 08,14.34,R,,0.021,S3
,MCG -03.35.020,13 53 08.2,-16 57 37,15.0,V,,0.021,S3
,ESO 541-G001,00 55 02.6,-19 00 17,13.61,V,,0.021,S2
,SDSS J11455+0943,11 45 30.3,+09 43 44,14.88,V,,0.021,S1
,CG  430,14 26 29.0,+43 28 14,17.0,V,,0.021,S2
,CDFS J02268-0415,02 26 49.9,-04 15 17,24.35,V,,0.021,S1
,Q 1622+4745A,16 23 33.0,+47 39 05,19.62,R,,0.021,AG
,MARK  565,01 16 03.6,+04 17 39,13.5,V,,0.021,S?
,SDSS J12029+0450,12 02 57.8,+04 50 45,17.54,V,,0.021,AG
,SDSS J11422+1403,11 42 16.9,+14 04 00,16.71,V,,0.021,S2
,POX  52,12 02 56.8,-20 56 03,17.2,V,,0.022,S1.8
,MCG +05.28.032,11 48 45.9,+29 38 29,14.66,V,,0.022,S3
,8C 0149+710,01 53 25.8,+71 15 07,15.5,V,,0.022,B?
,MCG -03.34.049,13 20 06.4,-17 07 06,15.14,V,,0.022,S1
,ESO 507-G70,13 02 52.4,-23 55 17,14.78,V,,0.022,S
,SDSS J03457-0715,03 45 45.2,-07 15 27,16.63,V,,0.022,S2
,SDSS J09382+0743,09 38 12.2,+07 43 39,16.49,V,,0.022,AG
,NGC 4156,12 10 49.7,+39 28 22,14.32,V,,0.022,AG
,SDSS J13320+1702,13 32 04.8,+17 02 56,16.37,V,,0.022,AG
,MARK  334,00 03 09.6,+21 57 36,14.62,V,,0.022,S1.8
,NVSS J19511-3059,19 51 11.9,-30 59 11,16.0,V,,0.022,S
,NGC 2965,09 43 19.1,+36 14 52,16.38,V,,0.022,S?
,MCG -01.25.049,09 50 56.5,-04 59 06,14.46,V,,0.022,S2
,MARK   79,07 42 32.9,+49 48 35,14.27,V,,0.022,S1.2
,NGC 5260,13 40 19.7,-23 51 28,13.42,V,,0.022,S2
,NPM1G-10.0474,13 32 39.1,-10 28 53,15.6,V,,0.022,S1
,UM 395,02 06 56.8,+01 41 52,16.2,V,,0.022,H2
,RXS J12102+3918,12 10 16.6,+39 18 16,17.18,V,,0.022,AG
,NPM1G+41.0135,06 55 10.0,+41 00 10,9.37,R,,0.022,S?
,UGC 3901,07 33 53.1,+49 17 31,15.3,V,,0.022,S1.9
,NGC 5851,15 06 53.5,+12 51 31,15.0,V,,0.022,S3
,UGC  3142,04 43 46.9,+28 58 19,16.5,V,,0.022,S1.0
,KUV 13000+2908,13 02 25.5,+28 51 31,16.15,P,,0.022,H2
,Q 1058+4753,11 01 45.3,+47 37 24,17.95,R,,0.022,AG
,NPM1G+78.0048,12 42 36.1,+78 07 20,16.81,V,,0.022,S1.9
,IRAS 01184-3246,01 20 46.4,-32 31 27,16.0,V,,0.022,S
,NGC   71,00 18 23.5,+30 03 47,14.8,V,,0.022,S2
,NPM1G+23.0202,09 42 04.8,+23 41 07,16.18,V,,0.022,S1.5
,ESO 426-G002,06 23 46.5,-32 13 00,14.3,V,,0.022,S2
,SDSS J13358+0259,13 35 48.2,+02 59 56,16.15,V,,0.022,S1
,ESO 320-G07,11 35 45.2,-38 21 53,14.2,V,,0.022,S3
,Q 0002+0118B,00 05 15.1,+01 34 53,17.78,R,,0.022,AG
,NGC 5252,13 38 15.9,+04 32 33,14.21,V,,0.022,S2
,Q 2225+0216,22 28 18.0,+02 31 44,17.92,R,,0.022,AG
,UGC  2024,02 33 01.2,+00 25 14,13.7,V,,0.022,S2
,SDSS J10486+6621,10 48 38.0,+66 21 43,18.05,V,,0.022,S2
,NGC 7319,22 36 03.5,+33 58 33,13.53,V,,0.022,S2
,NGC  235,00 42 52.8,-23 32 28,14.2,V,,0.022,S1
,SDSS J02338+0108,02 33 51.6,+01 08 13,16.24,V,,0.022,S1
,AKN  347,12 04 29.7,+20 18 58,14.44,V,,0.022,S2
,1AXG J132310-1656,13 23 14.4,-16 55 27,15.0,R,,0.022,AG
,ESO 511-G030,14 19 22.3,-26 38 41,14.9,V,,0.022,S1
,MCG -01.34.008,13 10 17.3,-07 27 15,14.5,V,,0.022,S2
,SDSS J11392+2839,11 39 17.2,+28 39 47,15.86,V,,0.023,S2
,NGC 7214,22 09 07.7,-27 48 34,14.1,V,,0.023,S1.2
,MCG -03.38.010,14 47 33.5,-20 28 02,15.0,V,,0.023,S3
,KUG 0312+013,03 15 05.4,+01 30 31,15.6,V,,0.023,S2
,NGC 5232,13 36 08.5,-08 29 52,13.0,R,,0.023,S?
,SDSS J02260+0101,02 26 01.3,+01 01 05,17.1,V,,0.023,S2
,NGC 4619,12 41 44.7,+35 03 45,13.5,V,,0.023,S1.0
,Zw 045.099,13 47 09.2,+03 38 38,15.9,V,,0.023,S2
,MARK  860,15 39 27.5,+24 56 53,14.8,V,,0.023,S?
,Q 0948+4750,09 51 27.8,+47 36 53,20.4,R,,0.023,AG
,ESO 439-G09,11 27 23.4,-29 15 27,14.8,V,,0.023,S2
,CTS J10.09,12 33 51.5,-21 03 45,16.2,V,,0.023,S1
,MCG +00.35.020,13 46 20.1,-03 25 42,15.02,V,,0.023,S2
,SDSS J13390+0209,13 39 04.6,+02 09 49,17.93,V,,0.023,S2
,MCG -01.60.021,23 41 47.3,-03 40 02,14.5,V,,0.023,S3
,MCG -05.13.010,05 10 13.9,-29 24 13,15.0,V,,0.023,S3
,MARK  622,08 07 41.0,+39 00 13,14.08,V,,0.023,S2
,SDSS J01300+1336,01 30 05.7,+13 36 17,20.89,V,,0.023,S1
,SDSS J13359+0143,13 35 58.6,+01 43 47,18.41,V,,0.023,S2
,SDSS J13236+0430,13 23 40.3,+04 30 55,22.88,V,,0.023,S1
,Q 1310+3801,13 12 50.3,+37 45 14,18.74,R,,0.023,AG
,SDSS J12044+0138,12 04 25.1,+01 38 50,18.8,V,,0.023,S2
,MCG -01.40.001,15 33 18.9,-08 41 25,15.7,V,,0.023,S2
,MARK 1073,03 15 01.4,+42 02 09,14.18,V,,0.023,S2
,TOL 1332+044,13 34 51.0,+04 14 12,17.52,V,,0.023,AG
,MCG -01.22.006,08 23 01.1,-04 56 05,16.0,V,,0.023,S2
,MCG -02.08.031,02 56 09.8,-13 41 07,15.38,V,,0.023,S2
,KUG 1208+386,12 10 44.3,+38 20 10,15.92,V,,0.023,S1.0
,CG  782,10 48 16.3,+33 16 03,17.0,V,,0.023,S2
,KISSB  113,13 01 25.2,+29 18 48,14.67,V,,0.023,S2
,SDSS J17233+5938,17 23 19.9,+59 38 34,20.23,V,,0.023,S1
,RXS J21231-1036,21 23 07.2,-10 36 49,17.6,V,,0.023,BL?
,SDSS J02446-0907,02 44 40.7,-09 07 35,16.87,V,,0.023,S2
,MCG -04.30.035,12 52 35.9,-21 54 53,15.8,V,,0.023,S
,Q 0208+0218,02 10 57.4,+02 32 10,19.35,R,,0.023,AG
,IC 1529,00 05 13.2,-11 30 09,14.3,V,,0.023,S3
,ESO 575-IG016,12 52 36.4,-21 54 38,14.87,V,,0.023,S2
,MARK   50,12 23 24.1,+02 40 45,16.63,V,,0.023,S1.2
,MARK 1361,13 47 04.4,+11 06 23,15.3,V,,0.023,S
,SDSS J12408+0100,12 40 53.6,+01 00 30,17.09,V,,0.023,S2
,SDSS J23577+0039,23 57 43.8,+00 39 18,17.24,V,,0.023,S1
,GSC 4926 01061,11 24 56.3,-03 48 40,15.04,V,,0.023,S2
,ESO 244-G17,01 20 19.7,-44 07 43,14.75,V,,0.023,S1.5
,SDSS J13208+2155,13 20 53.7,+21 55 10,19.3,V,,0.023,AG
,ESO 583-G02,15 40 19.9,-18 26 40,15.5,V,,0.023,S1.0
,MARK 1047,02 32 47.5,+00 40 41,16.0,V,,0.023,H2
,SDSS J02457-0014,02 45 47.6,-00 14 26,16.56,V,,0.023,S?
,Q 1208+3759,12 10 43.6,+37 42 50,16.99,R,,0.023,H2
,NPM1G+29.0274,13 24 42.6,+29 02 59,15.68,V,,0.023,S2
,F  239,04 48 51.2,-57 39 37,14.8,V,,0.023,S2
,KISSR  112,12 45 35.3,+28 45 43,15.46,V,,0.023,S3
,SDSS J16555+6314,16 55 33.3,+63 14 31,17.37,V,,0.023,S1
,ESO 374-G25,10 03 23.6,-37 33 39,15.29,V,,0.023,S1
,SDSS J10021+0303,10 02 07.0,+03 03 27,14.25,V,,0.023,S1
,MARK  202,12 17 54.9,+58 39 35,16.39,V,,0.023,S1
,IC 1515,23 56 03.9,-00 59 18,14.4,V,,0.023,S2
,SDSS J13009-0120,13 00 54.5,-01 20 47,18.19,V,,0.023,S1
,NGC 3884,11 46 12.2,+20 23 29,12.88,V,,0.023,S3b
,NVSS J15123-3333,15 12 22.4,-33 33 33,14.9,R,,0.023,S
,ESO 235-G59,21 06 33.5,-49 13 08,14.4,V,,0.024,S1.8
,NGC 5514,14 13 38.9,+07 39 33,13.7,V,,0.024,S3
,CG   96,11 17 52.7,+29 18 16,17.0,V,,0.024,S1.8
,WKK 1263,12 41 25.5,-57 49 51,16.9,V,,0.024,S2
,NGC 7592W,23 18 22.1,-04 24 59,13.56,V,,0.024,S2
,GSC 6133 00078,13 30 41.7,-21 39 47,15.49,V,,0.024,S2
,ESO 506-G27,12 38 54.6,-27 18 28,14.87,V,,0.024,S2
,ESO 386-G034,14 56 08.4,-37 38 52,13.5,V,,0.024,S2
,MARK  403,09 40 44.5,+21 14 04,14.53,V,,0.024,S2
,MCG +03.45.003,17 35 33.8,+20 47 47,16.2,V,,0.024,S
,MCG -05.32.059,13 39 22.5,-32 13 27,14.1,V,,0.024,S3
,Zw 399.005,20 23 04.3,+09 32 37,15.7,V,,0.024,S1.9
,PG 1016+336,10 19 49.5,+33 22 04,15.93,V,,0.024,S1n
,ESO 328-IG36,15 14 50.7,-40 20 23,15.85,V,,0.024,S1.8
,MARK  308,22 41 56.0,+20 15 42,14.65,V,,0.024,S
,LEDA 93974,10 40 22.5,-46 25 26,16.8,V,,0.024,S2
,NGC 7592E,23 18 21.8,-04 24 56,15.0,V,,0.024,H2
,IRAS 01089-4743,01 11 09.7,-47 27 35,14.53,V,,0.024,S1
,NVSS J09582-3809,09 58 13.2,-38 09 26,14.4,R,,0.024,S3
,AKN  524,17 36 53.4,+68 10 18,15.6,V,,0.024,S1.5
,UGC  7064,12 04 43.4,+31 10 38,14.01,V,,0.024,S1.9
,NGC 5849,15 06 50.7,-14 34 18,15.0,V,,0.024,S3
,SDSS J03191+0057,03 19 07.7,+00 57 21,17.88,V,,0.024,S1
,SDSS J13063+5318,13 06 21.0,+53 18 23,16.91,V,,0.024,AG
,PGC 50427,14 08 06.7,-30 23 53,15.3,V,,0.024,S1.5
,NGC 4966,13 06 17.3,+29 03 47,13.48,V,,0.024,S3
,NGC 6240,16 52 58.9,+02 24 01,13.37,V,,0.024,S3
,Q 0101-1232,01 03 31.1,-12 16 07,15.95,V,,0.024,S2
,Zw 551.008,01 10 14.1,+50 10 32,15.7,V,,0.024,S
,NGC 1019,02 38 27.4,+01 54 28,14.95,V,,0.024,S1.5
,NGC 6251,16 32 32.1,+82 32 17,14.0,V,,0.024,S2
,NGC   70,00 18 22.6,+30 04 46,14.5,V,,0.024,S3
,SDSS J12430-0116,12 43 03.0,-01 16 57,18.7,V,,0.024,S2
,NPM1G+50.0375,17 20 29.5,+50 22 37,13.72,R,,0.024,S2
,NGC 4922B,13 01 24.5,+29 18 31,14.99,V,,0.024,S2
,KUG 1210+379,12 13 25.6,+37 41 58,15.7,V,,0.024,H2
,NGC 7596,23 17 12.1,-06 54 42,15.1,V,,0.024,S
,MARK  198,12 09 14.2,+47 03 31,14.73,V,,0.024,S2
,ESO 438-G09,11 10 48.0,-28 30 04,14.17,V,,0.024,S1
,KUG 1259+280,13 02 00.1,+27 46 57,15.9,V,,0.024,AG
,MARK 1133,23 44 01.2,+27 42 56,15.5,V,,0.024,H2
,MCG -04.16.001,06 23 51.0,-23 11 37,14.4,V,,0.024,S
,Zw 022.021,15 38 44.7,-03 22 48,15.3,V,,0.024,S1.9
,SDSS J13465+6423,13 46 32.2,+64 23 25,16.21,V,,0.024,S1
,MARK   42,11 53 41.8,+46 12 43,15.45,V,,0.024,S1n
,US  195,13 03 26.2,+31 27 22,17.41,V,,0.024,H2
,MARK 1370,14 08 04.1,+07 19 41,16.0,V,,0.024,S2
,MCG -02.58.021,23 03 11.1,-08 59 19,15.5,V,,0.024,S?
,CG 1180,13 43 00.7,+36 09 57,17.69,V,,0.024,AG
,MCG +04.28.122,12 01 45.0,+20 19 43,14.74,V,,0.024,S2
,UGC  4498,08 37 26.6,+40 02 07,14.8,V,,0.024,S?
,MCG +00.35.020,13 46 22.2,-03 25 06,15.3,V,,0.024,S
,MCG +08.15.009,07 51 51.8,+49 48 51,16.75,V,,0.024,S1.9
,RXS J04344+7127,04 34 28.6,+71 28 05,16.5,V,,0.025,S1.5
,NGC 5995,15 48 25.0,-13 45 27,13.69,V,,0.025,S1.9
,Zw 338.014,15 42 55.5,+70 49 41,12.85,R,,0.025,S?
,MARK  915,22 36 46.5,-12 32 42,14.5,V,,0.025,S1.8
,RXS J11032-0654,11 03 15.8,-06 54 10,13.34,V,,0.025,S1
,SDSS J14102+0149,14 10 12.3,+01 49 05,17.57,V,,0.025,S2
,Zw 493.002,21 38 33.5,+32 05 05,14.8,V,,0.025,S1.8
,VPM J17177+4302,17 17 45.4,+43 02 49,19.6,P,,0.025,S?
,UM 625,14 00 40.6,-01 55 18,17.0,V,,0.025,S2
,MCG +00.01.017,00 00 35.7,-01 45 47,15.3,V,,0.025,S3
,SDSS J09504+0134,09 50 26.0,+01 34 57,17.38,V,,0.025,S1
,KUG 0228+014B,02 31 30.0,+01 40 28,17.3,R,,0.025,AG
,NGC 1410,03 41 10.7,-01 17 55,15.22,V,,0.025,S2
,ESO 602-G25,22 31 25.6,-19 02 05,14.3,V,,0.025,S
,UGC  5037,09 27 18.3,+23 01 12,16.25,V,,0.025,S1
,SDSS J08327+0636,08 32 44.0,+06 36 34,19.18,V,,0.025,S1
,SDSS J08378+5517,08 37 53.6,+55 17 00,20.85,V,,0.025,S1
,NPM1G-18.0578,22 29 12.5,-18 10 48,16.4,V,,0.025,S3
,UGC 12138,22 40 17.1,+08 03 14,14.45,V,,0.025,S1.8
,AKN  557,22 32 30.8,+08 12 27,14.9,V,,0.025,S1.5
,MCG +10.12.112,08 16 01.2,+58 20 03,16.0,V,,0.025,S2
,NGC  640,01 39 24.8,-09 24 03,15.5,V,,0.025,S2
,MARK  917,22 41 07.6,+32 10 11,14.1,V,,0.025,S2
,NPM1G-13.0475,15 06 26.1,-14 07 01,15.2,V,,0.025,S3
,ESO 399-IG20,20 06 58.1,-34 32 55,14.51,V,,0.025,S1n
,ESO 208-G34,07 43 31.7,-51 40 57,15.35,V,,0.025,S2
,SBS 0936+531,09 40 16.4,+52 57 18,18.0,V,,0.025,S?
,MCG -06.15.006,06 32 22.4,-33 30 55,15.0,V,,0.025,S
,ESO 306-G25,05 45 51.1,-39 29 39,14.9,V,,0.025,S2
,Arp 102B,17 19 14.5,+48 58 50,14.81,V,,0.025,S3b
,IRAS 14317-3237,14 34 43.2,-32 50 25,14.4,V,,0.025,S2
,MARK 1127,23 02 03.4,+27 03 10,14.42,V,,0.025,H2
,KUG 0826+225,08 29 44.3,+22 25 27,15.0,V,,0.025,S?
,NPM1G+30.0129,08 24 43.3,+29 59 23,15.61,V,,0.025,S2
,UGC  9944,15 35 47.9,+73 27 02,14.9,V,,0.025,S2
,MCG -06.15.009,06 33 41.5,-34 16 17,15.0,V,,0.025,S
,NGC 6786,19 10 54.0,+73 24 36,13.8,V,,0.025,S2
,Q 0945+4753,09 48 20.3,+47 39 54,17.96,R,,0.025,AG
,NGC 4853,12 58 35.2,+27 35 47,13.93,V,,0.025,S?
,UGC  4155,08 00 21.0,+26 36 49,16.36,V,,0.025,S1
,MARK 1325,12 26 28.0,+09 01 15,14.58,V,,0.025,S3
,SDSS J11089-0033,11 08 57.8,-00 33 37,21.73,V,,0.025,S3
,NGC 5674,14 33 52.3,+05 27 30,13.7,V,,0.025,S1.9
,Q 1128+4641,11 31 00.9,+46 24 51,17.75,R,,0.025,AG
,MARK  885,16 29 48.3,+67 22 42,14.56,V,,0.025,S1.0
,RXS J21359+4728,21 35 54.0,+47 28 21,16.3,V,,0.025,S1
,SDSS J02487-0006,02 48 47.6,-00 06 33,16.88,V,,0.025,S1
,SDSS J09246+5607,09 24 38.9,+56 07 47,16.92,V,,0.025,S1n
,NGC 4992,13 09 05.6,+11 38 03,14.34,V,,0.025,S1
,ESO 549-G050,04 02 46.1,-21 07 08,14.17,V,,0.025,S2
,AKN  564,22 42 39.3,+29 43 32,14.16,V,,0.025,S3
,PC 0227+0034,02 30 18.5,+00 47 52,20.9,R,,0.025,AG
,SDSS J13018+4723,13 01 53.1,+47 23 49,15.89,V,,0.025,S1
,SDSS J12260-0327,12 26 00.3,-03 27 54,17.45,V,,0.025,S2
,SDSS J08448+5503,08 44 53.5,+55 03 14,16.88,V,,0.026,S1
,ESO 538-G25,00 10 54.3,-21 04 03,15.3,V,,0.026,S2
,MARK  663,13 54 20.1,+32 55 50,15.4,V,,0.026,S1
,Q J02399-0131,02 39 56.3,-01 31 37,15.9,V,,0.026,AG
,SDSS J02248-0031,02 24 48.0,-00 31 36,21.24,V,,0.026,S3
,SDSS J08506+5721,08 50 36.9,+57 21 34,17.0,V,,0.026,S2
,SDSS J09412+6103,09 41 12.9,+61 03 40,18.43,V,,0.026,S2
,IC 5310,23 20 47.6,-22 08 57,15.3,V,,0.026,S
,ESO 490-IG26,06 40 11.8,-25 53 38,15.0,V,,0.026,S1.0
,ESO 490-G18,06 37 59.7,-24 12 05,14.9,V,,0.026,S3
,NVSS J17093-1233,17 09 18.2,-12 33 47,16.3,O,,0.026,S3
,NGC 7212,22 07 02.0,+10 14 00,14.8,V,,0.026,S1h
,MCG -02.28.039,11 01 29.9,-12 26 56,15.87,O,,0.026,S1.5
,NPM1G-04.0637,22 53 10.5,-04 08 49,15.8,V,,0.026,S1
,NGC 7237,22 14 46.9,+13 50 27,15.27,V,,0.026,S
,UGC 12646,23 31 39.0,+25 56 47,13.67,V,,0.026,S2
,SDSS J14147+0306,14 14 42.6,+03 06 33,17.66,V,,0.026,S2
,NVSS J22559-1222,22 55 59.9,-12 22 11,15.5,V,,0.026,S
,IRAS 06483-1955,06 50 30.9,-19 59 25,16.2,O,,0.026,S1.8
,MARK 1261,10 43 52.6,-01 17 40,14.25,V,,0.026,H2
,MARK 1490,14 19 43.3,+49 14 11,15.8,V,,0.026,H2
,Q 1241+1624,12 43 32.3,+16 07 43,18.2,V,,0.026,AG
,SDSS J14143+0258,14 14 23.0,+02 58 40,17.03,V,,0.026,S2
,ESO 549-G49,04 02 25.8,-18 02 52,14.2,V,,0.026,S1
,NGC 5515,14 12 38.1,+39 18 34,13.7,V,,0.026,S1.9
,MARK  543,00 02 26.4,+03 21 06,14.68,V,,0.026,S1.5
,ESO 113-G10,01 05 17.0,-58 26 13,14.6,V,,0.026,S1.8
,IRAS 14167-7236,14 21 21.0,-72 50 22,15.4,V,,0.026,S2
,MCG -04.32.034,13 32 43.1,-23 41 33,14.8,V,,0.026,S
,IC 1867,02 55 52.2,+09 18 42,14.6,V,,0.026,S2
,II Zw 102,21 07 45.9,+03 52 40,14.76,V,,0.026,S2
,MARK  335,00 06 19.5,+20 12 11,13.85,V,,0.026,S1n
,F  285,10 47 40.7,-72 25 40,16.2,V,,0.026,H2
,SDSS J11159-0020,11 15 59.5,-00 20 59,17.62,V,,0.026,S1
,ESO 399-015,20 00 46.6,-34 37 59,15.02,V,,0.026,S3
,PDS J01118-4558,01 11 53.5,-45 58 46,14.68,R,,0.026,S2
,SZ 80,15 55 05.7,-38 03 23,16.5,V,,0.026,H2
,SDSS J16473+4442,16 47 21.4,+44 42 10,17.89,V,,0.026,S1
,SDSS J14170+0030,14 17 04.5,+00 30 29,17.83,V,,0.026,S2
,ESO 533-G50,22 34 49.9,-25 40 35,14.1,V,,0.026,S2
,MCG +02.60.017,23 47 09.2,+15 35 46,14.4,V,,0.026,S2
,SDSS J14251+0201,14 25 06.8,+02 01 04,17.91,V,,0.026,S2
,SDSS J09237+5519,09 23 42.2,+55 19 50,20.15,V,,0.026,S1
,Q 2055+0126,20 58 18.2,+01 38 00,18.99,R,,0.026,AG
,NGC 6552,18 00 07.3,+66 36 55,14.6,V,,0.027,S1h
,MCG +10.12.091,08 12 50.6,+57 55 18,14.41,V,,0.027,S2
,SDSS J17126+5719,17 12 38.1,+57 19 20,17.3,V,,0.027,S2
,NVSS J13230-3452,13 23 02.4,-34 52 46,15.3,V,,0.027,S3
,NVSS J16448-1302,16 44 49.4,-13 02 07,13.1,I,,0.027,S
,NGC 6521,17 55 48.5,+62 36 44,13.9,V,,0.027,S1.9
,MARK  176,11 32 40.3,+52 57 01,14.61,V,,0.027,S1i
,Zw 229.015,19 05 26.0,+42 27 40,15.4,V,,0.027,S1
,ESO 540-G01,00 34 13.8,-21 26 20,13.7,V,,0.027,S1.8
,NGC 4704,12 48 46.5,+41 55 16,13.6,V,,0.027,S2
,WKK 3262,14 35 11.6,-69 43 45,18.5,V,,0.027,S2
,NGC 7566,23 16 37.4,-02 19 50,14.27,V,,0.027,S2
,RXS J05055+0416,05 05 34.7,+04 15 54,17.6,V,,0.027,BL
,SDSS J11437+5500,11 43 43.7,+55 00 19,17.29,V,,0.027,S1
,SDSS J07372+3131,07 37 15.8,+31 31 11,17.27,V,,0.027,S1
,SDSS J14468-0028,14 46 50.3,-00 28 20,21.71,V,,0.027,S3
,MCG -04.27.011,11 28 59.6,-22 28 58,14.6,V,,0.027,S
,XMM J00344-4333,00 34 25.3,-43 33 08,21.52,V,,0.027,S1
,1H 2107-097,21 09 09.9,-09 40 15,14.39,V,,0.027,S1.2
,ESO 080-G05,01 47 39.3,-66 09 50,16.0,V,,0.027,S1.8
,SBS 0808+587,08 12 17.1,+58 33 52,14.91,V,,0.027,S2
,IRAS 03106-0254,03 13 07.8,-02 43 18,14.0,V,,0.027,S2
,UGC  1093SE,01 31 51.3,+17 33 55,14.4,V,,0.027,S3
,SDSS J17299+5823,17 29 56.6,+58 23 50,17.25,V,,0.027,S2
,NGC 2859 U6,09 23 21.7,+34 43 43,18.5,V,,0.027,AG
,MARK 1459,11 48 05.3,+21 49 38,16.4,V,,0.027,H2
,KAZ 147,17 34 31.8,+67 02 29,16.0,V,,0.027,S2
,Q 1350+3758,13 53 00.5,+37 43 53,17.95,R,,0.027,AG
,ESO 509-G38,13 31 13.8,-25 24 09,14.8,V,,0.027,S1
,IC  910,13 41 08.0,+23 16 51,15.1,V,,0.027,S3
,PC 0026+0535,00 28 47.0,+05 52 29,19.76,R,,0.027,AG
,SDSS J10397-0042,10 39 42.9,-00 42 28,17.88,V,,0.027,S2
,WAS 87,14 01 09.3,+21 14 15,14.8,V,,0.027,H2
,SBS 0911+472,09 14 34.9,+47 02 08,16.5,V,,0.027,H2
,III Zw  35,01 44 30.4,+17 06 09,14.81,V,,0.027,S2
,MARK  896,20 46 20.8,-02 48 45,14.61,V,,0.027,S1n
,MCG +10.16.111,11 18 57.9,+58 03 23,16.69,V,,0.027,S1
