JD,Flux,Flux Error,Mag,Mag Error,Limit,FWHM,Filter,Quality,Camera
2456239.8545679,1228.9000,1.0434,8.7360,0.0009,14.6662,2.29,V,G,bb
2456242.8316405,1232.3486,1.0510,8.7329,0.0009,14.6583,2.16,V,G,bb
2456449.1081442,820.4725,0.4104,9.1746,0.0005,15.6793,2.11,V,G,bb
2456452.0883654,812.8279,0.3824,9.1848,0.0005,15.7560,2.02,V,G,bb
2456454.0835161,315.8163,1.0760,10.2112,0.0037,14.6328,1.99,V,B,bb
2456458.0543497,752.8926,0.2132,9.2679,0.0003,16.3902,1.80,V,G,bb
2456462.0552468,812.2743,0.3888,9.1855,0.0005,15.7381,1.76,V,G,bb
2456463.0534367,810.8850,0.3798,9.1874,0.0005,15.7634,1.69,V,G,bb
2456464.062027,827.0826,0.4191,9.1659,0.0006,15.6567,1.73,V,G,bb
2456465.0671577,826.4755,0.4245,9.1667,0.0006,15.6426,1.77,V,G,bb
2456466.0556427,609.6834,0.6759,9.4970,0.0012,15.1377,1.98,V,B,bb
2456470.0125039,597.2392,0.6187,9.5194,0.0011,15.2337,1.74,V,G,bb
2456471.0248986,625.7037,0.5656,9.4689,0.0010,15.3311,1.98,V,G,bb
2456472.0230541,636.8041,0.5369,9.4498,0.0009,15.3877,2.06,V,G,bb
2456473.0400812,783.7440,0.2941,9.2243,0.0004,16.0412,2.09,V,G,bb
2456474.042529,689.7692,0.4125,9.3630,0.0007,15.6738,1.69,V,G,bb
2456475.0589435,657.1203,0.4909,9.4157,0.0008,15.4848,1.72,V,G,bb
2456476.054627,852.5054,0.4908,9.1330,0.0006,15.4851,1.63,V,G,bb
2456477.0459252,670.1033,0.4640,9.3944,0.0008,15.5460,1.71,V,G,bb
2456478.0278862,645.3633,0.5313,9.4353,0.0009,15.3990,1.70,V,G,bb
2456479.0548614,704.4115,0.3710,9.3402,0.0006,15.7890,1.71,V,B,bb
2456479.9886596,828.8922,0.4260,9.1635,0.0006,15.6389,1.76,V,G,bb
2456481.0439754,573.9981,0.7708,9.5625,0.0015,14.9951,2.02,V,B,bb
2456482.0824213,686.9247,0.4191,9.3675,0.0007,15.6566,1.74,V,G,bb
2456483.1027776,668.7478,0.4748,9.3966,0.0008,15.5210,2.08,V,B,bb
2456484.9829302,813.2050,0.3823,9.1843,0.0005,15.7564,2.04,V,G,bb
2456487.0352485,706.5838,0.3719,9.3369,0.0006,15.7864,2.01,V,G,bb
2456488.0037845,742.4864,0.2477,9.2831,0.0004,16.2277,1.62,V,G,bb
2456489.0003648,755.2544,0.2303,9.2645,0.0003,16.3065,1.72,V,B,bb
2456490.0351315,650.3422,0.5130,9.4269,0.0009,15.4371,1.71,V,G,bb
2456491.0328841,646.9191,0.5201,9.4327,0.0009,15.4222,1.69,V,G,bb
2456492.0302763,693.4699,0.3987,9.3572,0.0006,15.7109,1.74,V,G,bb
2456493.0236318,672.0876,0.4783,9.3912,0.0008,15.5131,1.68,V,G,bb
2456494.012291,655.2481,0.5177,9.4188,0.0009,15.4272,2.04,V,G,bb
2456497.936766,582.3577,0.6972,9.5468,0.0013,15.1040,1.90,V,G,bb
2456505.928383,811.0183,0.3805,9.1872,0.0005,15.7615,2.00,V,G,bb
2456506.9164335,808.6063,0.3813,9.1904,0.0005,15.7593,1.66,V,G,bb
2456508.0080901,659.2490,0.4888,9.4122,0.0008,15.4896,1.72,V,G,bb
2456509.0212295,683.0959,0.4436,9.3736,0.0007,15.5948,1.77,V,G,bb
2456510.9244403,836.1078,0.4879,9.1541,0.0006,15.4916,1.73,V,G,bb
2456512.1242076,701.7807,0.4271,9.3443,0.0007,15.6361,2.02,V,B,bb
2456513.0161439,666.8243,0.4774,9.3998,0.0008,15.5152,1.70,V,G,bb
2456514.0981408,706.2737,0.3725,9.3373,0.0006,15.7844,1.77,V,G,bb
2456516.887674,789.1739,0.2924,9.2168,0.0004,16.0473,1.76,V,G,bb
2456518.9146488,722.3371,0.3243,9.3129,0.0005,15.9351,1.72,V,G,bb
2456520.8780004,695.6471,0.4174,9.3538,0.0007,15.6609,1.76,V,G,bb
2456521.9850578,674.4586,0.4529,9.3874,0.0007,15.5724,1.75,V,G,bb
2456523.9829323,667.3170,0.4891,9.3990,0.0008,15.4888,1.73,V,G,bb
2456525.0081156,627.0424,0.5990,9.4665,0.0010,15.2688,1.66,V,G,bb
2456527.9780574,636.6917,0.5474,9.4500,0.0009,15.3665,1.77,V,G,bb
2456531.8577468,800.8539,0.3691,9.2009,0.0005,15.7944,1.75,V,G,bb
2456533.1205213,680.4633,0.4399,9.3778,0.0007,15.6039,1.74,V,G,bb
2456533.9803745,693.9782,0.4092,9.3564,0.0006,15.6825,1.67,V,G,bb
2456534.8820693,626.5093,0.5636,9.4675,0.0010,15.3349,1.75,V,G,bb
2456535.9207706,645.2335,0.5261,9.4355,0.0009,15.4096,1.69,V,G,bb
2456536.9249587,642.1987,0.5352,9.4406,0.0009,15.3910,1.75,V,G,bb
2456537.9648818,771.8670,0.2525,9.2409,0.0004,16.2065,2.06,V,G,bb
2456538.9487381,635.9863,0.5514,9.4512,0.0009,15.3587,1.69,V,G,bb
2456539.945299,716.0639,0.3384,9.3224,0.0005,15.8887,1.80,V,G,bb
2456543.8341681,808.4908,0.4147,9.1906,0.0006,15.6679,1.76,V,G,bb
2456548.7933503,751.4010,0.2129,9.2701,0.0003,16.3920,2.09,V,G,bb
2456556.7798222,755.2909,0.2485,9.2645,0.0004,16.2241,2.20,V,G,bb
2456559.7701748,683.4278,0.4626,9.3730,0.0007,15.5493,1.73,V,B,bb
2456562.7632222,650.2717,0.5247,9.4270,0.0009,15.4126,2.38,V,G,bb
2456569.7371218,274.8605,1.1362,10.3620,0.0045,14.5737,2.50,V,B,bb
2456570.7338418,741.6006,0.2708,9.2844,0.0004,16.1309,2.20,V,G,bb
2456574.7267986,233.1748,1.1463,10.5406,0.0053,14.5641,2.41,V,B,bb
2456599.9047815,548.3181,0.7995,9.6122,0.0016,14.9553,2.30,V,G,bb
2456600.8665158,845.8108,0.4973,9.1416,0.0006,15.4709,1.99,V,G,bb
2456609.7866583,649.6248,0.7492,9.4281,0.0013,15.0259,2.96,V,B,bb
2456618.9035894,822.0272,0.4506,9.1726,0.0006,15.5778,1.64,V,B,bb
2456631.8121998,800.7873,0.4319,9.2010,0.0006,15.6239,2.06,V,G,bb
2456635.8263013,799.2163,0.3828,9.2031,0.0005,15.7549,1.80,V,G,bb
2456636.84787,895.3048,0.6777,9.0799,0.0008,15.1348,2.25,V,G,bb
2456637.8471552,721.8369,0.4039,9.3137,0.0006,15.6966,2.03,V,G,bb
2456638.8466662,678.0416,0.5530,9.3816,0.0009,15.3556,2.02,V,G,bb
2456641.8198924,652.2635,0.5877,9.4237,0.0010,15.2895,2.81,V,G,bb
2456644.7702592,844.4696,0.5430,9.1433,0.0007,15.3754,3.24,V,G,bb
2456652.7416897,711.5706,0.4037,9.3292,0.0006,15.6971,2.20,V,G,bb
2456799.1178714,540.8803,0.7920,9.6270,0.0016,14.9655,1.65,V,G,bb
2456809.0878031,746.4844,0.2458,9.2772,0.0004,16.2358,2.34,V,G,bb
2456810.0954627,769.5774,0.2229,9.2442,0.0003,16.3423,2.33,V,G,bb
2456814.0906968,741.1492,0.2706,9.2850,0.0004,16.1315,1.99,V,G,bb
2456815.0905698,526.1725,0.7432,9.6570,0.0015,15.0346,2.12,V,B,bb
2456816.0921518,805.5648,0.3565,9.1945,0.0005,15.8322,2.13,V,G,bb
2456817.0746063,795.6744,0.3365,9.2079,0.0005,15.8948,2.07,V,G,bb
2456821.0666481,650.1911,0.8375,9.4272,0.0014,14.9049,2.16,V,G,bb
2456822.0680834,547.4238,0.7330,9.6140,0.0015,15.0496,2.17,V,G,bb
2456823.066647,655.5158,0.5298,9.4183,0.0009,15.4021,2.20,V,G,bb
2456824.0647007,782.6922,0.3162,9.2258,0.0004,15.9624,2.22,V,B,bb
2456825.0612683,691.1676,0.4378,9.3608,0.0007,15.6092,2.07,V,B,bb
2456827.085677,794.5621,0.3253,9.2095,0.0004,15.9316,2.47,V,G,bb
2456828.0857072,804.0430,0.3876,9.1966,0.0005,15.7413,2.28,V,G,bb
2456829.0814568,719.8394,0.3481,9.3167,0.0005,15.8581,2.03,V,G,bb
2456831.0736307,805.9585,0.3565,9.1940,0.0005,15.8321,2.34,V,G,bb
2456833.0476082,793.1712,0.3197,9.2114,0.0004,15.9506,2.05,V,G,bb
2456835.062754,723.3786,0.3310,9.3114,0.0005,15.9127,1.67,V,G,bb
2456836.0723706,639.9595,0.5254,9.4444,0.0009,15.4111,1.68,V,G,bb
2456847.0592803,812.4720,0.3678,9.1853,0.0005,15.7982,1.60,V,G,bb
2456849.0249179,590.9067,0.6466,9.5310,0.0012,15.1858,1.73,V,G,bb
2456850.017974,606.5234,0.6255,9.5027,0.0011,15.2217,1.86,V,B,bb
2456851.01511,569.5144,0.7120,9.5710,0.0014,15.0812,1.70,V,G,bb
2456853.0861962,588.5263,0.6664,9.5354,0.0012,15.1529,1.87,V,B,bb
2456855.0432641,671.5039,0.4869,9.3922,0.0008,15.4937,1.74,V,G,bb
2456857.047407,678.4672,0.4830,9.3810,0.0008,15.5024,2.02,V,G,bb
2456862.0463721,629.9169,0.5849,9.4616,0.0010,15.2946,1.68,V,B,bb
2456863.0381531,634.4655,0.5539,9.4538,0.0009,15.3537,1.80,V,G,bb
2456864.0341974,663.9202,0.4941,9.4045,0.0008,15.4778,1.63,V,G,bb
2456866.0327251,746.5858,0.2631,9.2771,0.0004,16.1620,1.98,V,G,bb
2456867.0337989,739.8318,0.2772,9.2869,0.0004,16.1053,2.10,V,G,bb
2456868.0343914,827.5606,0.4316,9.1653,0.0006,15.6248,2.20,V,U,bb
2456869.0207858,724.0206,0.3253,9.3104,0.0005,15.9316,2.03,V,G,bb
2456870.0337564,729.3597,0.3210,9.3024,0.0005,15.9463,1.69,V,G,bb
2456873.9469629,797.4419,0.3419,9.2055,0.0005,15.8776,1.76,V,G,bb
2456874.9447451,827.7054,0.4142,9.1651,0.0005,15.6695,1.69,V,G,bb
2456876.0253351,665.6018,0.4754,9.4017,0.0008,15.5198,1.71,V,G,bb
2456877.0153626,667.8700,0.4786,9.3981,0.0008,15.5125,1.99,V,G,bb
2456881.991934,599.3718,0.6819,9.5155,0.0012,15.1281,1.70,V,G,bb
2456883.0063022,613.3887,0.6848,9.4904,0.0012,15.1235,1.78,V,G,bb
2456884.9278722,820.2607,0.4320,9.1749,0.0006,15.6237,1.71,V,G,bb
2456886.0297861,752.3222,0.2430,9.2688,0.0004,16.2485,1.69,V,G,bb
2456887.0070435,823.5045,0.4047,9.1706,0.0005,15.6945,2.19,V,G,bb
2456887.9521337,821.6787,0.4575,9.1730,0.0006,15.5614,2.03,V,G,bb
2456888.9847028,826.3577,0.4174,9.1669,0.0005,15.6609,2.01,V,G,bb
2456889.9777025,840.9839,0.4740,9.1478,0.0006,15.5230,2.03,V,G,bb
2456891.9910625,839.5129,0.4646,9.1497,0.0006,15.5447,1.75,V,G,bb
2456894.9809993,840.2914,0.4552,9.1487,0.0006,15.5667,1.71,V,G,bb
2456895.9857575,843.5880,0.4684,9.1445,0.0006,15.5359,1.66,V,G,bb
2456896.9844739,832.3179,0.4393,9.1591,0.0006,15.6055,1.72,V,G,bb
2456897.9216967,823.4922,0.4087,9.1706,0.0005,15.6838,1.81,V,G,bb
2456899.9640328,834.7421,0.4558,9.1559,0.0006,15.5654,1.77,V,G,bb
2456900.9690189,839.2809,0.4585,9.1500,0.0006,15.5591,1.73,V,G,bb
2456902.9722261,838.1967,0.4531,9.1514,0.0006,15.5718,2.01,V,G,bb
2456904.9656412,837.2491,0.4420,9.1526,0.0006,15.5989,1.74,V,G,bb
2456905.8707121,802.5388,0.3871,9.1986,0.0005,15.7429,1.80,V,G,bb
2456906.8583844,799.4057,0.3706,9.2029,0.0005,15.7902,1.75,V,G,bb
2456909.9561503,557.4627,0.7285,9.5942,0.0014,15.0563,1.99,V,G,bb
2456910.9626301,587.6670,0.6747,9.5370,0.0012,15.1396,1.85,V,G,bb
2456911.8728353,708.1678,0.3996,9.3344,0.0006,15.7082,1.75,V,B,bb
2456912.9021918,710.1532,0.3869,9.3314,0.0006,15.7433,1.98,V,B,bb
2456913.9314529,837.8154,0.4767,9.1519,0.0006,15.5168,2.03,V,G,bb
2456914.9457063,839.9860,0.4771,9.1491,0.0006,15.5157,1.81,V,G,bb
2456918.0825838,729.7634,0.2986,9.3018,0.0004,16.0246,1.81,V,G,bb
2456918.9457257,762.3931,0.2245,9.2543,0.0003,16.3344,1.77,V,G,bb
2456919.9488133,752.3523,0.1975,9.2687,0.0003,16.4737,1.77,V,G,bb
2456920.9471092,848.9711,0.4759,9.1375,0.0006,15.5186,1.69,V,G,bb
2456922.946833,648.3004,0.5334,9.4303,0.0009,15.3948,1.67,V,G,bb
2456924.938429,843.0762,0.4745,9.1451,0.0006,15.5217,1.74,V,G,bb
2456928.9299401,742.1118,0.2387,9.2836,0.0003,16.2678,1.67,V,G,bb
2456931.9280903,842.1375,0.4568,9.1463,0.0006,15.5631,1.75,V,B,bb
2456932.9924118,834.8202,0.4328,9.1558,0.0006,15.6215,2.03,V,G,bb
2456934.8041543,724.5448,0.3827,9.3096,0.0006,15.7551,1.61,V,B,bb
2456937.7656616,528.1885,0.8942,9.6528,0.0018,14.8338,1.88,V,G,bb
2456938.906917,464.4401,0.9003,9.7925,0.0021,14.8264,1.73,V,B,bb
2456939.9373027,550.3050,0.7431,9.6083,0.0015,15.0348,1.68,V,B,bb
2456940.8610992,596.8729,0.6227,9.5201,0.0011,15.2267,1.74,V,G,bb
2456944.0015032,808.3042,0.3742,9.1908,0.0005,15.7795,2.11,V,G,bb
2456967.871874,587.8442,0.6412,9.5366,0.0012,15.1949,1.65,V,G,bb
2456969.8469934,608.6286,0.6023,9.4989,0.0011,15.2629,1.69,V,G,bb
2456970.8506804,640.4023,0.5465,9.4436,0.0009,15.3685,1.78,V,G,bb
2456971.8508339,654.5181,0.5046,9.4200,0.0008,15.4549,1.70,V,G,bb
2456972.8477961,623.0860,0.5903,9.4734,0.0010,15.2848,2.08,V,G,bb
2456973.8628049,633.9804,0.5464,9.4546,0.0009,15.3686,1.66,V,G,bb
2456979.8326025,838.4707,0.4628,9.1511,0.0006,15.5489,2.12,V,G,bb
2456980.8414654,828.1958,0.4262,9.1644,0.0006,15.6382,2.22,V,G,bb
2456981.8017647,824.5722,0.4157,9.1692,0.0005,15.6653,2.02,V,G,bb
2456982.8311216,724.3074,0.3771,9.3100,0.0006,15.7712,1.69,V,B,bb
2456983.7448437,817.1064,0.4043,9.1791,0.0005,15.6956,2.04,V,G,bb
2456984.7097891,807.7131,0.3905,9.1916,0.0005,15.7332,2.15,V,B,bb
2456985.822576,737.9910,0.2559,9.2897,0.0004,16.1924,1.70,V,B,bb
2456986.8251102,740.6596,0.2371,9.2857,0.0003,16.2752,1.66,V,G,bb
2456988.8253741,828.8023,0.4214,9.1637,0.0006,15.6507,2.04,V,G,bb
2456989.8310483,620.6867,0.5704,9.4776,0.0010,15.3220,2.01,V,G,bb
2456990.8252582,105.7421,1.3737,11.3992,0.0141,14.3676,2.02,V,B,bb
2456992.815796,623.1487,0.5919,9.4733,0.0010,15.2817,1.64,V,G,bb
2456993.808428,626.5010,0.5694,9.4675,0.0010,15.3239,1.64,V,G,bb
2456995.8676788,669.2351,0.4762,9.3958,0.0008,15.5179,2.60,V,B,bb
2456997.8652575,550.1044,0.7102,9.6087,0.0014,15.0840,2.08,V,B,bb
2456998.8179105,587.3710,0.6527,9.5375,0.0012,15.1756,2.17,V,G,bb
2456999.8019073,700.9960,0.4073,9.3455,0.0006,15.6876,2.37,V,G,bb
2457000.795453,811.6228,0.3932,9.1864,0.0005,15.7258,2.30,V,G,bb
2457001.8086742,626.4859,0.5681,9.4675,0.0010,15.3263,1.65,V,G,bb
2457002.8076272,822.4839,0.4147,9.1720,0.0005,15.6681,2.07,V,G,bb
2457003.7976421,822.9646,0.4110,9.1713,0.0005,15.6777,1.73,V,G,bb
2457004.8019147,823.7327,0.4078,9.1703,0.0005,15.6861,1.97,V,G,bb
2457005.80252,-106.4661,1.7418,14.1098,99.9990,14.1098,2.16,V,B,bb
2457006.805356,801.1072,0.3477,9.2006,0.0005,15.8595,2.32,V,G,bb
2457007.7847979,737.2787,0.3011,9.2907,0.0004,16.0157,1.99,V,G,bb
2457008.7907367,804.1591,0.3638,9.1964,0.0005,15.8102,2.31,V,G,bb
2457010.7877668,334.7939,1.1558,10.1478,0.0038,14.5552,2.07,V,B,bb
2457012.7888519,791.3229,0.3066,9.2139,0.0004,15.9960,2.14,V,G,bb
2457013.7751168,794.4437,0.3219,9.2096,0.0004,15.9432,2.23,V,G,bb
2457018.8098795,753.7600,0.1980,9.2667,0.0003,16.4707,2.60,V,G,bb
2457020.7658931,812.3389,0.3765,9.1854,0.0005,15.7729,1.73,V,G,bb
2457023.7944221,411.8652,1.0618,9.9229,0.0028,14.6472,2.03,V,B,bb
2457024.8241266,772.0838,0.2543,9.2406,0.0004,16.1988,2.05,V,B,bb
2457030.7474215,802.7320,0.3398,9.1984,0.0005,15.8843,2.12,V,G,bb
2457031.7587236,790.0518,0.3013,9.2156,0.0004,16.0148,2.16,V,G,bb
2457032.7477881,811.4792,0.3736,9.1866,0.0005,15.7813,2.02,V,G,bb
2457034.7462383,784.6352,0.2744,9.2231,0.0004,16.1163,2.20,V,G,bb
2457035.7439382,783.9705,0.2764,9.2240,0.0004,16.1086,2.24,V,G,bb
2457036.7412141,803.6868,0.3434,9.1971,0.0005,15.8727,1.73,V,G,bb
2457037.7386263,704.6802,0.3639,9.3398,0.0006,15.8100,1.63,V,G,bb
2457038.7365992,710.1457,0.3809,9.3314,0.0006,15.7604,1.63,V,G,bb
2457039.7366344,805.9966,0.3679,9.1939,0.0005,15.7979,1.83,V,G,bb
2457040.7287061,769.9453,0.1946,9.2436,0.0003,16.4894,2.40,V,G,bb
2457042.7385926,750.8766,0.2038,9.2709,0.0003,16.4392,2.61,V,G,bb
2457043.7098453,703.4995,0.3906,9.3416,0.0006,15.7329,1.67,V,G,bb
2457044.7305217,813.0780,0.3980,9.1845,0.0005,15.7127,1.69,V,G,bb
2457045.7364973,806.2657,0.3656,9.1936,0.0005,15.8048,1.74,V,G,bb
2457052.7136308,587.4394,0.6522,9.5374,0.0012,15.1764,1.72,V,G,bb
2457054.7099639,527.8996,0.8723,9.6534,0.0018,14.8606,1.78,V,G,bb
2457055.7145586,562.4050,0.6924,9.5847,0.0013,15.1114,1.68,V,B,bb
2457172.1196161,472.6402,1.1671,9.7735,0.0027,14.5446,1.67,V,G,bb
2457183.1143053,744.0682,0.4278,9.2807,0.0006,15.6343,1.68,V,G,bb
2457188.092938,-33.1909,1.5512,14.2357,99.9990,14.2357,1.71,V,B,bb
2457190.0933749,725.8611,0.3683,9.3076,0.0006,15.7970,1.76,V,G,bb
2457191.0826751,720.5970,0.3446,9.3156,0.0005,15.8690,2.05,V,G,bb
2457192.0794074,243.8216,1.1284,10.4921,0.0050,14.5812,1.74,V,B,bb
2457193.0859268,733.9041,0.2899,9.2957,0.0004,16.0567,1.83,V,G,bb
2457194.0867649,724.4360,0.3204,9.3098,0.0005,15.9480,2.02,V,G,bb
2457195.0814917,726.1764,0.3273,9.3072,0.0005,15.9248,2.08,V,G,bb
2457196.0712679,726.4223,0.3313,9.3068,0.0005,15.9117,2.11,V,G,bb
2457197.0717209,724.3346,0.3418,9.3099,0.0005,15.8778,2.10,V,G,bb
2457198.0657221,710.7240,0.3964,9.3305,0.0006,15.7171,2.31,V,G,bb
2457203.0566419,727.4508,0.3369,9.3053,0.0005,15.8935,2.17,V,G,bb
2457205.0505081,632.2256,0.6226,9.4576,0.0011,15.2268,1.61,V,G,bb
2457207.0492347,721.9651,0.4350,9.3135,0.0007,15.6161,1.69,V,G,bb
2457209.0432879,746.9682,0.2835,9.2765,0.0004,16.0809,1.71,V,G,bb
2457211.0652585,761.2423,0.2618,9.2560,0.0004,16.1675,1.68,V,G,bb
2457213.0843802,779.1301,0.2867,9.2308,0.0004,16.0689,1.65,V,G,bb
2457215.0365325,227.7961,1.1694,10.5659,0.0056,14.5424,2.40,V,B,bb
2457216.0114515,717.3513,0.3486,9.3205,0.0005,15.8565,2.02,V,G,bb
2457218.017299,618.0068,0.5823,9.4823,0.0010,15.2995,1.76,V,B,bb
2457222.0676353,774.9867,0.3043,9.2365,0.0004,16.0041,1.68,V,G,bb
2457227.0664779,771.8631,0.2531,9.2409,0.0004,16.2042,1.63,V,G,bb
2457228.9969069,743.7678,0.2270,9.2812,0.0003,16.3221,1.67,V,G,bb
2457231.0913017,772.6045,0.2406,9.2399,0.0003,16.2593,1.64,V,G,bb
2457231.9779192,738.8876,0.3229,9.2883,0.0005,15.9397,1.76,V,G,bb
2457233.1070227,831.5676,0.4359,9.1600,0.0006,15.6138,1.69,V,G,bb
2457233.9729687,755.3945,0.2848,9.2643,0.0004,16.0758,2.00,V,G,bb
2457236.0345882,599.7068,0.6568,9.5149,0.0012,15.1687,1.62,V,G,bb
2457238.0809872,740.2552,0.3819,9.2863,0.0006,15.7576,1.67,V,G,bb
2457241.0145792,807.5720,0.3942,9.1918,0.0005,15.7232,1.75,V,G,bb
2457243.052398,808.6967,0.4101,9.1903,0.0006,15.6802,1.70,V,G,bb
2457245.0779945,816.2738,0.3930,9.1802,0.0005,15.7264,1.60,V,G,bb
2457246.0294623,811.3117,0.4001,9.1868,0.0005,15.7070,1.70,V,G,bb
2457247.0618892,817.0604,0.3911,9.1791,0.0005,15.7316,1.69,V,G,bb
2457248.0302962,336.2020,0.9930,10.1433,0.0032,14.7199,2.15,V,G,bb
2457255.9779329,780.6839,0.3300,9.2286,0.0005,15.9161,1.69,V,G,bb
2457261.9035937,761.7779,0.2509,9.2552,0.0004,16.2134,2.09,V,G,bb
2457263.9550298,527.0122,0.8090,9.6552,0.0017,14.9425,1.74,V,G,bb
2457264.9038147,535.1971,0.7617,9.6385,0.0015,15.0079,1.74,V,G,bb
2457271.0771122,336.4179,0.9782,10.1426,0.0032,14.7363,1.65,V,G,bb
2457272.0261313,815.7962,0.4144,9.1808,0.0006,15.6688,1.61,V,G,bb
2457275.0881074,785.8480,0.2853,9.2214,0.0004,16.0741,1.74,V,G,bb
2457277.0564675,784.7335,0.2738,9.2230,0.0004,16.1187,1.76,V,B,bb
2457278.0027675,807.9207,0.3690,9.1914,0.0005,15.7948,1.66,V,G,bb
2457288.8086399,750.1373,0.2601,9.2719,0.0004,16.1744,1.72,V,G,bb
2457296.9862503,656.0875,0.5050,9.4174,0.0008,15.4540,1.72,V,G,bb
2457299.0114621,797.3337,0.3487,9.2057,0.0005,15.8564,1.64,V,G,bb
2457303.0282859,761.5667,0.1562,9.2555,0.0002,16.7284,1.83,V,G,bb
2457305.0155776,788.1267,0.3020,9.2183,0.0004,16.0123,1.68,V,G,bb
2457306.0186796,784.3518,0.2978,9.2235,0.0004,16.0275,1.69,V,G,bb
2457307.9040448,800.7627,0.3468,9.2010,0.0005,15.8623,1.71,V,G,bb
2457308.8714798,787.3191,0.3153,9.2194,0.0004,15.9655,1.71,V,G,bb
2457309.8952786,792.1369,0.3173,9.2128,0.0004,15.9587,1.76,V,G,bb
2457310.843882,793.8180,0.3279,9.2105,0.0004,15.9231,1.67,V,G,bb
2457314.7433525,262.1430,1.0525,10.4134,0.0044,14.6568,1.65,V,G,bb
2457315.7765833,679.6412,0.5054,9.3791,0.0008,15.4533,1.71,V,B,bb
2457317.7233952,233.0657,1.0867,10.5411,0.0051,14.6221,1.70,V,G,bb
2457318.7485316,751.2497,0.2119,9.2703,0.0003,16.3968,1.78,V,G,bb
2457319.7443432,755.8347,0.2121,9.2637,0.0003,16.3960,1.68,V,G,bb
2457320.874823,568.0347,0.7105,9.5738,0.0014,15.0834,1.69,V,G,bb
2457321.8389461,532.1136,0.7303,9.6448,0.0015,15.0536,1.70,V,G,bb
2457323.8574888,523.6663,0.7613,9.6621,0.0016,15.0085,1.72,V,G,bb
2457324.8871731,788.8751,0.3009,9.2173,0.0004,16.0162,1.78,V,G,bb
2457327.9592329,781.5903,0.2811,9.2273,0.0004,16.0902,1.67,V,G,bb
2457328.9551373,780.0986,0.2621,9.2294,0.0004,16.1662,1.71,V,G,bb
2457329.9548061,767.2806,0.1783,9.2474,0.0003,16.5847,1.67,V,G,bb
2457332.9312231,783.7478,0.2904,9.2243,0.0004,16.0548,1.72,V,G,bb
2457333.8344302,785.1634,0.2755,9.2224,0.0004,16.1119,1.70,V,G,bb
2457334.7510528,452.2171,0.9178,9.8214,0.0022,14.8054,2.08,V,B,bb
2457342.6881271,252.1957,1.1114,10.4554,0.0048,14.5976,2.46,V,G,bb
2457344.7017476,214.5347,1.1044,10.6310,0.0056,14.6046,3.02,V,B,bb
2457353.8834145,624.8601,0.5997,9.4703,0.0010,15.2676,1.74,V,G,bb
2457354.8872678,422.4492,1.0658,9.8953,0.0027,14.6431,1.75,V,B,bb
2457356.8761094,772.6618,0.2247,9.2398,0.0003,16.3333,1.72,V,G,bb
2457358.8761831,767.9538,0.1956,9.2464,0.0003,16.4840,1.73,V,G,bb
2457359.8142578,792.1267,0.2972,9.2128,0.0004,16.0298,1.72,V,G,bb
2457360.8676701,762.7685,0.2476,9.2538,0.0004,16.2281,1.77,V,G,bb
2457361.8677471,784.9896,0.4012,9.2226,0.0006,15.7040,1.64,V,G,bb
2457363.856912,771.0789,0.2137,9.2420,0.0003,16.3879,1.64,V,G,bb
2457364.8565757,768.9821,0.1905,9.2450,0.0003,16.5125,1.71,V,G,bb
2457365.7044456,790.6549,0.2996,9.2148,0.0004,16.0210,1.77,V,G,bb
2457366.797214,782.6524,0.2573,9.2259,0.0004,16.1864,2.18,V,G,bb
2457368.6977221,774.8933,0.2430,9.2367,0.0003,16.2485,1.79,V,G,bb
2457369.7103245,740.8408,0.2502,9.2855,0.0004,16.2166,2.74,V,G,bb
2457370.7438895,780.8080,0.2531,9.2284,0.0004,16.2042,1.68,V,G,bb
2457374.7030685,799.5825,0.3299,9.2026,0.0004,15.9164,1.74,V,B,bb
2457377.7920168,782.1913,0.2859,9.2265,0.0004,16.0718,1.76,V,G,bb
2457380.7813146,769.2637,0.2456,9.2446,0.0003,16.2369,1.80,V,G,bb
2457384.7979741,771.0100,0.2666,9.2421,0.0004,16.1477,1.71,V,G,bb
2457386.7916107,769.2146,0.1859,9.2447,0.0003,16.5393,1.65,V,G,bb
2457387.7153406,763.2992,0.1589,9.2530,0.0002,16.7098,1.77,V,G,bb
2457388.7882802,762.7384,0.1965,9.2538,0.0003,16.4787,1.68,V,G,bb
2457390.7773319,780.4156,0.2637,9.2290,0.0004,16.1595,1.70,V,G,bb
2457391.7742936,764.8140,0.1693,9.2509,0.0002,16.6409,2.01,V,G,bb
2457392.7669201,771.1001,0.2176,9.2420,0.0003,16.3682,1.71,V,G,bb
2457394.7688738,674.5110,0.4656,9.3873,0.0008,15.5423,3.14,V,G,bb
2457395.7669268,645.8877,0.5297,9.4344,0.0009,15.4022,3.45,V,G,bb
2457396.7077146,794.8037,0.3189,9.2091,0.0004,15.9531,1.77,V,G,bb
2457397.7347899,749.2951,0.2101,9.2731,0.0003,16.4063,1.85,V,G,bb
2457398.735159,772.0827,0.2358,9.2406,0.0003,16.2809,1.68,V,G,bb
2457399.7204686,790.8557,0.2877,9.2145,0.0004,16.0649,1.62,V,G,bb
2457401.702158,774.7352,0.2578,9.2369,0.0004,16.1843,2.08,V,G,bb
2457402.7140948,781.7363,0.2698,9.2271,0.0004,16.1347,2.05,V,G,bb
2457403.7144954,782.3811,0.2958,9.2262,0.0004,16.0350,1.65,V,G,bb
2457404.7149169,776.1576,0.2345,9.2349,0.0003,16.2871,1.82,V,G,bb
2457405.7267304,746.6297,0.2025,9.2770,0.0003,16.4461,2.01,V,G,bb
2457407.7201932,780.9099,0.2649,9.2283,0.0004,16.1548,2.04,V,G,bb
2457408.7242212,770.7032,0.2146,9.2426,0.0003,16.3834,1.83,V,G,bb
2457409.7206789,770.8925,0.2264,9.2423,0.0003,16.3254,2.05,V,G,bb
2457410.7198984,771.6333,0.2718,9.2413,0.0004,16.1267,2.08,V,G,bb
2457411.720104,752.9476,0.2070,9.2679,0.0003,16.4226,2.04,V,G,bb
2457412.7086126,773.1327,0.2368,9.2391,0.0003,16.2765,1.71,V,G,bb
2457413.7071205,762.6208,0.2310,9.2540,0.0003,16.3033,2.04,V,G,bb
2457537.1187087,435.1361,0.8877,9.8632,0.0022,14.8417,2.10,V,B,bb
2457544.1155039,663.2404,0.4966,9.4056,0.0008,15.4723,1.76,V,G,bb
2457545.0982235,708.3481,0.3554,9.3342,0.0005,15.8356,1.72,V,G,bb
2457550.0842679,730.5587,0.2832,9.3006,0.0004,16.0821,1.74,V,G,bb
2457558.0774127,332.1199,1.0526,10.1565,0.0034,14.6567,1.72,V,B,bb
2457560.0737407,733.4108,0.3220,9.2964,0.0005,15.9428,1.80,V,G,bb
2457561.0701537,730.3389,0.4102,9.3010,0.0006,15.6800,1.66,V,B,bb
2457562.0742051,680.4289,0.4502,9.3778,0.0007,15.5789,1.79,V,G,bb
2457564.0629765,739.3389,0.3072,9.2877,0.0005,15.9937,1.70,V,G,bb
2457575.1177682,778.7229,0.2835,9.2313,0.0004,16.0810,1.57,V,G,bb
2457579.0253152,738.0121,0.2683,9.2896,0.0004,16.1408,1.63,V,G,bb
2457581.0211546,723.7612,0.3448,9.3108,0.0005,15.8684,2.00,V,G,bb
2457583.0171272,717.0986,0.3671,9.3208,0.0006,15.8003,1.82,V,G,bb
2457584.0398369,730.5963,0.2707,9.3006,0.0004,16.1310,1.84,V,G,bb
2457587.0884776,760.2051,0.2226,9.2575,0.0003,16.3438,1.76,V,G,bb
2457588.0012527,729.1477,0.3582,9.3027,0.0005,15.8271,1.69,V,G,bb
2457589.9893386,732.1976,0.3448,9.2982,0.0005,15.8685,1.70,V,G,bb
2457591.9848706,717.3222,0.3653,9.3205,0.0006,15.8056,1.76,V,G,bb
2457596.0216345,691.6333,0.4175,9.3601,0.0007,15.6606,2.12,V,B,bb
2457598.028537,738.2735,0.2621,9.2892,0.0004,16.1661,1.80,V,B,bb
2457600.061769,760.4860,0.2046,9.2571,0.0003,16.4352,1.75,V,G,bb
2457602.0459986,778.6846,0.2640,9.2314,0.0004,16.1584,1.66,V,B,bb
2457603.0150006,771.5596,0.2297,9.2414,0.0003,16.3093,1.68,V,B,bb
2457603.9997301,757.8388,0.1498,9.2608,0.0002,16.7738,1.64,V,G,bb
2457606.1049285,747.4710,0.1961,9.2758,0.0003,16.4814,2.23,V,B,bb
2457606.9605036,738.6269,0.2822,9.2887,0.0004,16.0861,1.69,V,B,bb
2457608.1037282,794.5018,0.3386,9.2095,0.0005,15.8881,1.62,V,B,bb
2457610.976744,744.7313,0.2547,9.2798,0.0004,16.1972,1.63,V,B,bb
2457611.9427412,754.1904,0.1702,9.2661,0.0002,16.6348,1.69,V,B,bb
2457613.0407154,726.0072,0.3302,9.3074,0.0005,15.9153,1.76,V,B,bb
2457615.0337257,780.7033,0.2679,9.2286,0.0004,16.1424,1.59,V,B,bb
2457616.9418902,750.3141,0.2796,9.2717,0.0004,16.0961,1.62,V,G,bb
2457618.9159658,460.3053,0.8882,9.8022,0.0021,14.8411,1.80,V,G,bb
2457619.9484637,757.8733,0.3204,9.2608,0.0005,15.9481,2.02,V,G,bb
2457627.113046,754.7905,0.1736,9.2652,0.0002,16.6136,1.74,V,G,bb
2457631.0717795,776.6848,0.2604,9.2342,0.0004,16.1732,1.68,V,G,bb
2457637.0448006,773.2112,0.2446,9.2390,0.0003,16.2414,1.72,V,G,bb
2457639.0435233,788.5938,0.2919,9.2176,0.0004,16.0494,1.64,V,G,bb
2457640.0504287,781.0002,0.2526,9.2282,0.0004,16.2064,1.69,V,G,bb
2457643.8567382,688.4573,0.5414,9.3651,0.0009,15.3785,1.71,V,G,bb
2457650.978424,771.2418,0.2660,9.2418,0.0004,16.1502,1.74,V,G,bb
2457654.0527301,773.0338,0.2239,9.2393,0.0003,16.3370,1.77,V,G,bb
2457657.0161417,764.5786,0.2378,9.2512,0.0003,16.2717,1.64,V,G,bb
2457657.9058895,777.7745,0.2399,9.2326,0.0003,16.2624,1.73,V,G,bb
2457659.0038147,773.2757,0.2350,9.2389,0.0003,16.2847,1.76,V,B,bb
2457661.0479917,740.4306,0.2554,9.2861,0.0004,16.1945,1.72,V,G,bb
2457664.0383793,494.6270,0.8384,9.7241,0.0018,14.9037,1.58,V,B,bb
2457668.0283308,584.0089,0.6884,9.5437,0.0013,15.1178,1.74,V,B,bb
2457668.9823267,775.1240,0.2342,9.2364,0.0003,16.2883,1.69,V,G,bb
2457669.7640018,716.3558,0.3402,9.3220,0.0005,15.8829,1.67,V,G,bb
2457670.7672091,724.2868,0.3300,9.3100,0.0005,15.9161,1.75,V,G,bb
2457671.7589287,702.8697,0.3807,9.3426,0.0006,15.7609,1.69,V,G,bb
2457672.7550722,719.1518,0.3759,9.3177,0.0006,15.7746,1.70,V,G,bb
2457673.7579983,727.1497,0.3552,9.3057,0.0005,15.8362,1.88,V,G,bb
2457674.7882605,725.0557,0.3239,9.3089,0.0005,15.9362,2.10,V,G,bb
2457675.7988545,742.2755,0.4236,9.2834,0.0006,15.6449,2.02,V,G,bb
2457676.8020973,495.3832,0.8417,9.7224,0.0018,14.8995,2.03,V,G,bb
2457677.8589002,541.2318,0.7682,9.6263,0.0015,14.9987,2.17,V,G,bb
2457678.8782026,554.5342,0.7038,9.6000,0.0014,15.0937,1.82,V,G,bb
2457680.9155978,693.9395,0.4445,9.3565,0.0007,15.5926,1.68,V,G,bb
2457681.926112,782.1276,0.2748,9.2266,0.0004,16.1147,1.71,V,G,bb
2457685.8978843,268.0103,1.1013,10.3894,0.0045,14.6076,1.74,V,B,bb
2457686.8705069,784.6836,0.2828,9.2230,0.0004,16.0838,1.77,V,G,bb
2457687.8394583,785.8562,0.2932,9.2214,0.0004,16.0445,1.61,V,G,bb
2457688.9723784,725.2550,0.3139,9.3086,0.0005,15.9702,1.78,V,G,bb
2457689.9681142,655.1527,0.5042,9.4189,0.0008,15.4559,1.72,V,G,bb
2457690.9640734,756.4594,0.1619,9.2628,0.0002,16.6891,2.00,V,G,bb
2457693.9604341,-143.4272,1.6254,14.1849,99.9990,14.1849,1.77,V,B,bb
2457694.9286352,773.0452,0.2392,9.2393,0.0003,16.2652,1.66,V,G,bb
2457695.9244502,781.6837,0.2587,9.2272,0.0004,16.1805,1.74,V,G,bb
2457698.689892,536.0334,0.8334,9.6368,0.0017,14.9102,1.75,V,G,bb
2457699.7052258,74.1087,1.3951,11.7851,0.0205,14.3508,1.64,V,B,bb
2457700.6894028,702.4332,0.4371,9.3433,0.0007,15.6109,1.67,V,G,bb
2457701.7161542,765.3045,0.2271,9.2502,0.0003,16.3218,1.72,V,G,bb
2457702.8001892,785.6536,0.2885,9.2217,0.0004,16.0621,1.67,V,G,bb
2457703.8271223,789.0447,0.3312,9.2170,0.0005,15.9122,1.77,V,G,bb
2457705.8155712,543.3684,0.7152,9.6220,0.0014,15.0763,1.76,V,G,bb
2457706.8338356,755.1387,0.2529,9.2647,0.0004,16.2049,1.85,V,G,bb
2457707.9180639,736.7251,0.3179,9.2915,0.0005,15.9567,2.03,V,G,bb
2457708.8725663,757.1972,0.1794,9.2618,0.0003,16.5781,2.18,V,G,bb
2457709.8800427,783.6627,0.2847,9.2245,0.0004,16.0764,1.77,V,G,bb
2457710.8953658,785.3928,0.2777,9.2221,0.0004,16.1034,1.80,V,G,bb
2457711.7888794,553.5590,0.7296,9.6019,0.0014,15.0546,1.73,V,B,bb
2457713.724627,-277.5306,1.7386,14.1119,99.9990,14.1119,1.84,V,B,bb
2457715.8295131,783.5079,0.2651,9.2247,0.0004,16.1538,2.06,V,G,bb
2457718.8616397,739.1336,0.2703,9.2880,0.0004,16.1329,2.19,V,G,bb
2457720.8799638,338.7014,0.9969,10.1352,0.0032,14.7157,2.06,V,B,bb
2457721.8799794,765.6451,0.1756,9.2497,0.0002,16.6009,2.04,V,G,bb
2457735.8408588,541.3826,0.7207,9.6260,0.0014,15.0679,1.67,V,G,bb
2457737.8365186,766.6355,0.2235,9.2483,0.0003,16.3391,1.72,V,G,bb
2457744.8114645,770.7888,0.2856,9.2424,0.0004,16.0731,2.02,V,G,bb
2457745.801341,762.0393,0.2156,9.2548,0.0003,16.3781,2.12,V,G,bb
2457746.8092411,757.3101,0.2225,9.2616,0.0003,16.3442,2.17,V,G,bb
2457747.8058117,758.8616,0.1967,9.2594,0.0003,16.4777,2.07,V,G,bb
2457748.8145574,-118.3333,1.4983,14.2733,99.9990,14.2733,2.29,V,B,bb
2457749.8039641,-534.8323,1.7058,14.1325,99.9990,14.1325,2.41,V,G,bb
2457755.7800617,779.6211,0.2745,9.2301,0.0004,16.1160,1.64,V,G,bb
2457756.7745344,755.1254,0.1623,9.2647,0.0002,16.6865,2.02,V,G,bb
2457757.7096855,771.5298,0.2292,9.2414,0.0003,16.3119,2.24,V,G,bb
2457758.7139897,771.8847,0.2396,9.2409,0.0003,16.2635,2.01,V,G,bb
2457759.7105902,753.8391,0.2024,9.2666,0.0003,16.4466,2.13,V,G,bb
2457761.753288,760.7793,0.1884,9.2566,0.0003,16.5247,1.79,V,G,bb
2457763.7354018,753.8445,0.1958,9.2666,0.0003,16.4826,2.03,V,G,bb
2457764.7432026,733.6115,0.3647,9.2961,0.0005,15.8075,1.86,V,G,bb
2457765.7513733,538.6273,0.7512,9.6316,0.0015,15.0229,1.68,V,G,bb
2457766.7480283,772.2567,0.2430,9.2404,0.0003,16.2482,1.71,V,G,bb
2457769.7341575,746.9367,0.2001,9.2766,0.0003,16.4593,2.13,V,G,bb
2457771.7041898,741.9856,0.2986,9.2838,0.0004,16.0246,2.41,V,G,bb
2457773.7240901,743.2408,0.2378,9.2820,0.0003,16.2718,2.29,V,G,bb
2457776.7178245,702.8117,0.3958,9.3427,0.0006,15.7188,2.04,V,B,bb
2457779.7074214,762.5884,0.2252,9.2541,0.0003,16.3309,2.00,V,G,bb
2457904.1186771,675.5363,0.5885,9.3857,0.0009,15.2880,2.05,V,G,bb
2457909.1203232,452.9448,0.8936,9.8197,0.0021,14.8345,1.78,V,G,bb
2457910.098178,696.5206,0.4079,9.3524,0.0006,15.6860,1.74,V,B,bb
2457912.0950231,693.2343,0.4421,9.3576,0.0007,15.5984,1.81,V,G,bb
2457914.0916962,704.1297,0.5124,9.3406,0.0008,15.4383,1.70,V,G,bb
2457915.095654,677.5639,0.4715,9.3824,0.0008,15.5286,1.71,V,G,bb
2457921.1010022,704.8990,0.3948,9.3395,0.0006,15.7214,1.62,V,G,bb
2457927.0705148,706.6140,0.4004,9.3368,0.0006,15.7061,1.68,V,G,bb
2457932.0554784,720.2308,0.3427,9.3161,0.0005,15.8751,1.68,V,G,bb
2457935.0487182,706.0467,0.3921,9.3377,0.0006,15.7289,2.00,V,G,bb
2457939.0332017,699.5153,0.4004,9.3478,0.0006,15.7061,1.79,V,G,bb
2457940.0371231,716.8242,0.3813,9.3212,0.0006,15.7591,1.69,V,G,bb
2457941.033237,720.3962,0.3973,9.3159,0.0006,15.7146,1.70,V,G,bb
2457958.049828,715.2516,0.4142,9.3236,0.0006,15.6692,1.78,V,G,bb
2457959.0145497,725.6409,0.4079,9.3080,0.0006,15.6859,1.70,V,G,bb
2457961.0555982,735.3541,0.2862,9.2935,0.0004,16.0707,1.72,V,G,bb
2457966.9662195,709.3865,0.3757,9.3326,0.0006,15.7754,1.63,V,G,bb
2457969.9580005,706.3973,0.3998,9.3372,0.0006,15.7078,2.01,V,G,bb
2457971.003244,672.0673,0.4904,9.3912,0.0008,15.4859,2.00,V,B,bb
2457971.9495912,678.1979,0.6770,9.3814,0.0011,15.1359,1.70,V,B,bb
2457972.9451008,636.8394,0.5979,9.4497,0.0010,15.2709,1.63,V,G,bb
2457973.952372,723.9372,0.6406,9.3105,0.0010,15.1958,1.71,V,B,bb
2457974.9896307,742.2953,0.3691,9.2833,0.0005,15.7946,1.69,V,G,bb
2457978.0334869,753.1013,0.2841,9.2676,0.0004,16.0789,1.74,V,G,bb
2457981.0813555,764.3198,0.1967,9.2516,0.0003,16.4779,1.77,V,G,bb
2457982.0693321,747.4228,0.2077,9.2759,0.0003,16.4187,1.73,V,G,bb
2457984.0718907,769.3370,0.2052,9.2445,0.0003,16.4320,1.64,V,G,bb
2457989.0701935,742.6263,0.2441,9.2829,0.0004,16.2434,1.63,V,G,bb
2457992.0778622,760.1179,0.1154,9.2576,0.0002,17.0570,1.67,V,G,bb
2457995.884735,582.8829,0.6657,9.5458,0.0012,15.1542,1.85,V,G,bb
2457996.9157533,729.4593,0.3237,9.3023,0.0005,15.9371,1.74,V,G,bb
2457998.0504994,749.3643,0.2650,9.2730,0.0004,16.1543,1.80,V,G,bb
2457998.8634715,712.5882,0.4431,9.3277,0.0007,15.5961,1.77,V,G,bb
2457999.9228679,424.6080,1.0412,9.8898,0.0027,14.6685,1.70,V,B,bb
2458000.8676002,713.8437,0.4427,9.3258,0.0007,15.5971,1.74,V,G,bb
2458001.8707693,696.5910,0.4067,9.3523,0.0006,15.6893,1.83,V,G,bb
2458002.8761972,709.2292,0.4931,9.3328,0.0008,15.4799,2.05,V,G,bb
2458003.9345224,732.9603,0.5090,9.2971,0.0008,15.4457,1.78,V,G,bb
2458007.0800494,720.5639,0.3243,9.3156,0.0005,15.9351,2.07,V,G,bb
2458013.060598,745.2030,0.2673,9.2791,0.0004,16.1449,1.65,V,G,bb
2458014.0632608,734.5801,0.2694,9.2947,0.0004,16.1362,1.64,V,G,bb
2458016.0774905,712.8736,0.3705,9.3273,0.0006,15.7904,1.70,V,G,bb
2458017.7603083,811.2706,0.6345,9.1272,0.0009,15.1466,1.44,g,G,br
2458018.0774866,711.4875,0.3533,9.3294,0.0005,15.8421,1.70,V,G,bb
2458019.7545801,741.8876,0.6979,9.2242,0.0010,15.0432,1.49,g,G,br
2458020.0631953,736.6076,0.2706,9.2917,0.0004,16.1314,1.66,V,G,bb
2458021.062476,720.2861,0.3375,9.3160,0.0005,15.8915,1.65,V,G,bb
2458022.0579547,732.1316,0.2739,9.2983,0.0004,16.1183,1.74,V,G,bb
2458022.8106691,699.3874,0.4055,9.3480,0.0006,15.6923,1.84,V,G,bb
2458023.8307114,338.4742,9.1568,10.1360,0.0294,12.3080,1.77,V,B,bb
2458026.7890966,678.3544,0.4697,9.3811,0.0008,15.5329,1.70,V,G,bb
2458028.7875843,682.0769,0.4802,9.3752,0.0008,15.5087,1.69,V,G,bb
2458029.9511554,748.2099,0.2790,9.2747,0.0004,16.0983,1.71,V,G,bb
2458032.9409111,503.7051,0.8261,9.7043,0.0018,14.9198,1.99,V,G,bb
2458033.8513642,638.3648,0.1550,9.3874,0.0003,16.6767,1.53,g,G,br
2458034.0087935,690.1945,0.4330,9.3624,0.0007,15.6211,1.62,V,G,bb
2458034.86667,735.0344,0.6640,9.2343,0.0010,15.0972,1.59,g,G,br
2458035.9079091,735.4045,0.6764,9.2337,0.0010,15.0771,1.56,g,G,br
2458037.0148485,718.4610,0.3390,9.3188,0.0005,15.8870,1.65,V,G,bb
2458038.0141758,705.4809,0.3717,9.3386,0.0006,15.7869,1.71,V,G,bb
2458039.9080941,611.7925,0.6120,9.4336,0.0011,15.1858,1.48,g,G,br
2458044.8328421,625.8899,0.6251,9.4088,0.0011,15.1628,1.54,g,G,br
2458045.8319334,482.7386,0.4159,9.6908,0.0009,15.6051,1.54,g,B,br
2458045.9160381,723.5273,0.3295,9.3111,0.0005,15.9176,2.01,V,G,bb
2458046.8246311,669.0271,0.4750,9.3962,0.0008,15.5206,2.42,V,G,bb
2458047.7929746,723.4453,0.3154,9.3113,0.0005,15.9652,2.06,V,G,bb
2458047.8494372,734.0950,0.6979,9.2357,0.0010,15.0432,1.60,g,G,br
2458048.7895655,701.7740,0.3945,9.3443,0.0006,15.7224,1.74,V,G,bb
2458048.8337915,601.7926,0.5959,9.4514,0.0011,15.2148,2.03,g,G,br
2458049.7736158,396.7717,1.0307,9.9634,0.0028,14.6795,1.65,V,B,bb
2458049.8299888,736.0503,0.6971,9.2328,0.0010,15.0444,1.66,g,G,br
2458050.6844532,635.5229,0.6411,9.3922,0.0011,15.1353,1.45,g,G,br
2458052.6522635,739.3636,0.6961,9.2279,0.0010,15.0459,2.01,g,G,br
2458053.6242121,614.2861,0.6177,9.4291,0.0011,15.1757,1.47,g,G,br
2458054.6019463,728.1296,0.6658,9.2445,0.0010,15.0943,1.50,g,G,br
2458055.590274,727.0729,0.6686,9.2461,0.0010,15.0897,1.62,g,G,br
2458057.6227712,685.1226,0.5938,9.3106,0.0009,15.2186,2.08,g,G,br
2458058.7110717,624.2353,0.4729,9.4117,0.0008,15.4657,1.58,g,G,br
2458059.6911139,667.6099,0.7072,9.3985,0.0012,15.0886,1.70,V,G,bb
2458059.7251731,608.1649,0.4396,9.4400,0.0008,15.5450,1.44,g,G,br
2458062.6978673,674.2244,0.5116,9.3878,0.0008,15.4401,1.84,V,G,bb
2458062.8137152,471.8227,0.3630,9.7156,0.0008,15.7528,1.75,g,G,br
2458063.7400003,699.2619,0.4051,9.3482,0.0006,15.6934,1.70,V,G,bb
2458063.8514472,698.5660,1.1323,9.2895,0.0018,14.5177,1.48,g,B,br
2458064.8565548,493.4988,0.4570,9.6669,0.0010,15.5030,1.51,g,B,br
2458066.7528065,687.2087,0.4470,9.3671,0.0007,15.5866,1.73,V,B,bb
2458066.8425481,711.7643,0.6398,9.2692,0.0010,15.1375,1.73,g,G,br
2458067.7545377,706.1358,0.3769,9.3376,0.0006,15.7718,1.65,V,G,bb
2458067.8421688,713.1564,0.6435,9.2671,0.0010,15.1313,1.64,g,G,br
2458069.8328942,611.6426,0.6013,9.4338,0.0011,15.2048,1.36,g,G,br
2458070.742475,685.4909,0.4288,9.3698,0.0007,15.6318,1.85,V,G,bb
2458071.7382985,668.6656,0.4766,9.3968,0.0008,15.5169,2.20,V,G,bb
2458072.7343962,679.1891,0.4411,9.3798,0.0007,15.6011,1.79,V,G,bb
2458072.754706,745.0625,0.6910,9.2196,0.0010,15.0540,1.49,g,G,br
2458074.7479451,742.6787,0.6891,9.2231,0.0010,15.0569,1.44,g,G,br
2458074.9140766,709.7660,0.3480,9.3320,0.0005,15.8585,1.71,V,G,bb
2458075.743712,746.3676,0.6898,9.2177,0.0010,15.0559,1.49,g,G,br
2458075.9101303,706.1397,0.3730,9.3376,0.0006,15.7832,1.69,V,G,bb
2458076.9100835,516.1477,0.8599,9.6778,0.0018,14.8763,1.75,V,B,bb
2458077.7362596,733.5949,0.6776,9.2364,0.0010,15.0752,1.60,g,G,br
2458077.9068342,676.4745,0.4607,9.3842,0.0007,15.5539,2.07,V,G,bb
2458078.9069317,711.3014,0.3737,9.3296,0.0006,15.7809,1.84,V,G,bb
2458079.7365046,714.6086,0.6362,9.2649,0.0010,15.1436,1.99,g,G,br
2458079.9028478,711.8644,0.3633,9.3288,0.0006,15.8118,1.70,V,G,bb
2458080.6839625,734.7944,0.6776,9.2347,0.0010,15.0752,1.58,g,G,br
2458081.5881676,709.7500,0.6345,9.2723,0.0010,15.1465,2.09,g,G,br
2458082.5587269,610.8860,0.5963,9.4352,0.0011,15.2139,1.84,g,G,br
2458082.7299146,715.8337,0.3553,9.3228,0.0005,15.8359,2.00,V,G,bb
2458083.5512103,741.0537,0.6816,9.2254,0.0010,15.0688,1.57,g,G,br
2458084.5476323,713.2980,0.6372,9.2669,0.0010,15.1419,1.98,g,G,br
2458085.6179146,627.1645,0.6416,9.4066,0.0011,15.1345,1.65,g,G,br
2458087.7882202,564.6648,0.5223,9.5206,0.0010,15.3577,2.10,g,G,br
2458091.8690158,687.4433,0.4416,9.3667,0.0007,15.5999,2.17,V,G,bb
2458092.5587901,731.4282,0.6592,9.2396,0.0010,15.1051,1.53,g,G,br
2458097.8517457,702.0662,0.3913,9.3438,0.0006,15.7310,1.74,V,G,bb
2458099.6862124,621.3455,0.6096,9.4167,0.0011,15.1901,1.52,g,G,br
2458099.8367293,567.8381,0.6761,9.5742,0.0013,15.1373,2.04,V,B,bb
2458100.6597523,739.7161,0.6858,9.2274,0.0010,15.0621,1.57,g,G,br
2458101.6570702,610.7690,0.5894,9.4354,0.0010,15.2267,1.47,g,G,br
2458103.6688317,586.5592,0.5595,9.4793,0.0010,15.2832,1.51,g,G,br
2458104.6649892,714.5585,0.6294,9.2650,0.0010,15.1553,1.62,g,G,br
2458105.661719,735.3851,0.6678,9.2338,0.0010,15.0910,1.50,g,G,br
2458107.7430914,702.7279,0.6241,9.2831,0.0010,15.1645,1.60,g,G,br
2458110.553561,556.5434,0.4962,9.5363,0.0010,15.4135,1.72,g,G,br
2458111.8075298,688.7587,0.4251,9.3646,0.0007,15.6412,2.18,V,G,bb
2458112.5525795,679.9325,0.5629,9.3189,0.0009,15.2766,1.55,g,G,br
2458112.8175158,689.1332,0.4279,9.3640,0.0007,15.6340,2.27,V,G,bb
2458113.5903181,743.3295,0.6843,9.2221,0.0010,15.0645,1.49,g,G,br
2458114.635026,397.8020,0.9375,9.9009,0.0026,14.7227,1.45,g,B,br
2458116.7819803,659.6473,0.4987,9.4115,0.0008,15.4677,2.44,V,G,bb
2458117.7362225,739.0795,0.2905,9.2881,0.0004,16.0545,1.93,V,G,bb
2458117.7363707,691.4645,0.5904,9.3006,0.0009,15.2248,1.60,g,G,br
2458118.5772306,521.7298,0.4598,9.6065,0.0010,15.4962,1.66,g,G,br
2458121.7904089,692.1953,0.4400,9.3592,0.0007,15.6037,1.66,V,G,bb
2458122.6999425,-213.6819,1.6790,14.0900,99.9990,14.0900,1.61,g,B,br
2458122.7676462,664.1264,0.5339,9.4042,0.0009,15.3938,1.67,V,B,bb
2458123.7730933,711.5981,0.3752,9.3292,0.0006,15.7766,2.02,V,B,bb
2458124.7311205,561.4116,0.5105,9.5269,0.0010,15.3827,1.50,g,G,br
2458124.7722958,711.6565,0.4255,9.3291,0.0006,15.6401,2.02,V,G,bb
2458125.7689102,682.0354,0.4365,9.3753,0.0007,15.6123,2.19,V,B,bb
2458126.7691298,686.5837,0.4330,9.3680,0.0007,15.6211,2.22,V,G,bb
2458127.762973,718.3146,0.3563,9.3190,0.0005,15.8329,2.06,V,G,bb
2458128.6921083,554.3078,0.4962,9.5407,0.0010,15.4135,1.52,g,G,br
2458128.7622609,716.6862,0.3767,9.3215,0.0006,15.7723,1.88,V,G,bb
2458129.6685716,683.5597,0.5940,9.3131,0.0009,15.2181,2.06,g,G,br
2458129.7586799,259.3033,1.1591,10.4253,0.0049,14.5520,1.70,V,B,bb
2458130.6618624,716.0868,0.6438,9.2627,0.0010,15.1308,1.49,g,G,br
2458130.7530983,747.6673,0.2148,9.2755,0.0003,16.3821,1.70,V,G,bb
2458131.7520033,715.4776,0.3459,9.3233,0.0005,15.8648,1.69,V,G,bb
2458132.6504908,712.9420,0.6327,9.2674,0.0010,15.1496,1.54,g,G,br
2458132.7255056,733.5790,0.2841,9.2962,0.0004,16.0786,2.00,V,G,bb
2458133.6473544,709.1249,0.6262,9.2733,0.0010,15.1608,1.46,g,G,br
2458133.7181747,734.6878,0.2698,9.2945,0.0004,16.1346,1.75,V,G,bb
2458134.7190463,742.7008,0.2482,9.2827,0.0004,16.2253,1.77,V,G,bb
2458135.707577,738.2490,0.2786,9.2893,0.0004,16.0999,1.78,V,G,bb
2458136.7100058,725.5158,0.3073,9.3082,0.0005,15.9933,2.15,V,G,bb
2458137.6094629,589.4149,0.5670,9.4740,0.0010,15.2686,1.56,g,G,br
2458137.727677,711.4746,0.3501,9.3294,0.0005,15.8519,2.12,V,G,bb
2458138.5690438,610.7546,0.5906,9.4354,0.0011,15.2245,1.50,g,G,br
2458138.7242953,728.3163,0.2974,9.3040,0.0004,16.0291,1.76,V,G,bb
2458139.5621978,724.6140,0.6558,9.2498,0.0010,15.1107,1.87,g,G,br
2458141.5596608,722.3977,0.6519,9.2531,0.0010,15.1173,1.76,g,G,br
2458142.5713646,581.2394,0.5469,9.4892,0.0010,15.3078,1.92,g,G,br
2458143.5866899,716.3155,0.6461,9.2623,0.0010,15.1268,1.47,g,G,br
2458144.6206333,704.2235,0.6253,9.2808,0.0010,15.1625,1.60,g,G,br
2458145.665754,653.4621,0.5240,9.3620,0.0009,15.3543,2.09,g,G,br
2458153.6525286,632.0520,0.4665,9.3982,0.0008,15.4805,1.51,g,G,br
2458154.6150232,679.0071,0.5715,9.3204,0.0009,15.2601,1.50,g,G,br
2458155.6259552,679.9348,0.5748,9.3189,0.0009,15.2538,1.48,g,G,br
2458157.5794487,668.4998,0.5699,9.3373,0.0009,15.2632,2.21,g,G,br
2458158.6166488,212.5221,0.6400,10.5816,0.0033,15.1372,1.50,g,G,br
2458159.6138151,562.2547,0.4549,9.5252,0.0009,15.5078,1.53,g,B,br
2458160.5737505,666.0229,0.5390,9.3413,0.0009,15.3237,1.67,g,B,br
2458161.6076195,517.0591,0.4235,9.6162,0.0009,15.5856,1.59,g,G,br
2458162.5784578,693.6916,0.5994,9.2971,0.0009,15.2084,1.48,g,G,br
2458163.5752974,576.3914,0.5397,9.4983,0.0010,15.3222,1.53,g,G,br
2458164.6051908,593.2018,0.3635,9.4671,0.0007,15.7514,2.21,g,G,br
2458170.5721335,691.9258,0.5957,9.2999,0.0009,15.2151,1.47,g,G,br
2458171.5757985,652.8183,0.5124,9.3631,0.0009,15.3786,2.00,g,G,br
2458173.5729187,545.9795,0.4985,9.5571,0.0010,15.4084,1.60,g,G,br
2458174.5742759,544.5703,0.4809,9.5599,0.0010,15.4475,1.58,g,G,br
2458281.9362635,450.6677,0.2359,9.7654,0.0006,16.2210,1.46,g,G,br
2458282.9366646,299.0558,0.5129,10.2107,0.0019,15.3776,1.51,g,G,br
2458285.0895318,735.1042,0.2832,9.2939,0.0004,16.0822,2.02,V,G,bb
2458287.0661064,706.6366,0.3522,9.3368,0.0005,15.8455,2.02,V,G,bb
2458291.0754714,731.9632,0.2844,9.2986,0.0004,16.0774,2.06,V,G,bb
2458291.9163176,503.5350,0.3936,9.6450,0.0008,15.6651,1.42,g,G,br
2458293.9500102,504.8618,0.3974,9.6421,0.0009,15.6545,1.61,g,G,br
2458295.0648299,751.5822,0.2236,9.2698,0.0003,16.3389,1.65,V,G,bb
2458297.0662753,749.0445,0.2526,9.2735,0.0004,16.2064,1.98,V,G,bb
2458298.0570188,732.9681,0.3495,9.2971,0.0005,15.8538,2.18,V,G,bb
2458299.0991594,773.6101,0.2725,9.2385,0.0004,16.1239,1.68,V,G,bb
2458305.1105888,756.4138,0.1971,9.2629,0.0003,16.4754,1.66,V,B,bb
2458309.0700856,763.2880,0.1911,9.2531,0.0003,16.5092,1.98,V,G,bb
2458311.0570188,319.0467,1.1537,10.2001,0.0039,14.5571,1.65,V,B,bb
2458312.077485,767.1286,0.2457,9.2476,0.0003,16.2365,1.65,V,G,bb
2458312.9517692,509.9357,0.3977,9.6313,0.0008,15.6538,1.43,g,G,br
2458316.1096298,769.4959,0.1937,9.2443,0.0003,16.4944,2.05,V,G,bb
2458319.0005638,701.8308,0.3808,9.3442,0.0006,15.7605,2.01,V,B,bb
2458321.9918089,746.9338,0.2337,9.2766,0.0003,16.2905,1.62,V,G,bb
2458323.9901297,546.7436,0.7610,9.6153,0.0015,15.0090,2.01,V,B,bb
2458324.9873808,678.2071,0.4596,9.3814,0.0007,15.5564,2.42,V,B,bb
2458325.9826305,727.8428,0.4488,9.3047,0.0007,15.5823,2.04,V,G,bb
2458328.9784944,657.4381,0.5544,9.4151,0.0009,15.3528,2.45,V,G,bb
2458332.126803,634.7685,0.5573,9.4532,0.0010,15.3470,2.35,V,G,bb
2458333.9295241,333.9029,0.5577,10.0910,0.0018,15.2867,1.52,g,B,br
2458335.1163052,-14.0916,1.4289,14.3249,99.9990,14.3249,2.25,V,B,bb
2458336.1064924,733.8033,0.2870,9.2958,0.0004,16.0677,2.16,V,G,bb
2458336.9011665,503.8802,0.3944,9.6442,0.0009,15.6629,1.49,g,G,br
2458338.0235612,741.6665,0.2422,9.2843,0.0004,16.2517,2.20,V,G,bb
2458343.0553556,773.6856,0.2430,9.2384,0.0003,16.2483,1.69,V,G,bb
2458346.0725081,167.8254,1.2597,10.8976,0.0082,14.4617,2.02,V,B,bb
2458347.9288466,703.1351,0.4121,9.3422,0.0006,15.6749,1.66,V,G,bb
2458348.9830068,747.4765,0.2189,9.2758,0.0003,16.3618,1.62,V,G,bb
2458352.0026378,745.3027,0.2258,9.2789,0.0003,16.3278,2.20,V,G,bb
2458352.8926768,180.1467,1.1913,10.8207,0.0072,14.5223,2.05,V,B,bb
2458361.0251883,776.1281,0.2957,9.2349,0.0004,16.0352,1.99,V,G,bb
2458362.0896031,734.4592,0.2904,9.2949,0.0004,16.0548,2.32,V,G,bb
2458362.8127546,504.4173,0.3867,9.6431,0.0008,15.6842,1.41,g,G,br
2458366.072443,765.7064,0.2246,9.2496,0.0003,16.3337,1.68,V,G,bb
2458366.7856669,451.0222,0.2676,9.7646,0.0006,16.0840,1.44,g,G,br
2458371.0131086,771.7505,0.2286,9.2411,0.0003,16.3146,2.03,V,G,bb
2458372.0120343,746.9159,0.2026,9.2766,0.0003,16.4460,2.05,V,G,bb
2458373.0310943,760.9791,0.1525,9.2563,0.0002,16.7540,2.05,V,G,bb
2458377.8259708,733.2863,0.2605,9.2966,0.0004,16.1730,2.02,V,G,bb
2458378.8251656,732.2892,0.2695,9.2981,0.0004,16.1361,2.06,V,G,bb
2458379.8828774,674.4617,0.4431,9.3874,0.0007,15.5962,2.40,V,G,bb
2458383.8103856,661.8149,0.5454,9.4079,0.0009,15.3706,2.25,V,G,bb
2458385.844204,727.9812,0.3315,9.3045,0.0005,15.9113,1.99,V,G,bb
2458392.0115004,107.8290,1.4767,11.3779,0.0149,14.2891,2.09,V,B,bb
2458393.0447833,690.2649,0.4216,9.3622,0.0007,15.6500,2.23,V,G,bb
2458394.0381656,360.2043,1.0556,10.0684,0.0032,14.6536,2.36,V,B,bb
2458396.0411139,608.9277,0.5878,9.4984,0.0010,15.2893,2.04,V,G,bb
2458396.8407003,470.8418,0.8134,9.7776,0.0019,14.9366,2.45,V,B,bb
2458402.0161557,755.0643,0.1897,9.2648,0.0003,16.5171,1.66,V,G,bb
2458402.7069303,530.9600,0.4441,9.5874,0.0009,15.5340,1.45,g,G,br
2458404.0195362,-36.7067,1.5923,14.2073,99.9990,14.2073,1.69,V,B,bb
2458408.7445589,732.7120,0.2571,9.2974,0.0004,16.1873,1.65,V,G,bb
2458409.9572162,724.3515,0.2958,9.3099,0.0004,16.0348,2.19,V,G,bb
2458413.7841113,699.9074,0.5025,9.3472,0.0008,15.4595,2.42,V,G,bb
2458416.9594513,740.6070,0.2768,9.2858,0.0004,16.1070,2.07,V,G,bb
2458417.9171484,462.3180,0.3706,9.7377,0.0009,15.7303,1.46,g,G,br
2458423.955909,718.8492,0.3323,9.3182,0.0005,15.9086,1.64,V,G,bb
2458424.7632721,500.4171,0.3754,9.6517,0.0008,15.7165,2.02,g,G,br
2458425.852409,502.2580,0.3809,9.6477,0.0008,15.7008,1.50,g,G,br
2458427.8524924,754.5056,0.2115,9.2656,0.0003,16.3991,1.73,V,G,bb
2458428.8853453,766.9170,0.2685,9.2479,0.0004,16.1398,1.64,V,G,bb
2458430.9326843,720.1947,0.3630,9.3162,0.0005,15.8127,2.16,V,G,bb
2458431.9291223,732.1553,0.2929,9.2983,0.0004,16.0456,2.15,V,G,bb
2458432.9138242,681.6057,0.4595,9.3759,0.0007,15.5567,1.64,V,B,bb
2458434.9247993,729.5189,0.3014,9.3022,0.0004,16.0146,2.04,V,G,bb
2458435.8317361,661.4908,0.5077,9.4085,0.0008,15.4483,2.10,V,B,bb
2458436.7543026,759.6529,0.1700,9.2582,0.0002,16.6364,1.66,V,G,bb
2458442.6877369,716.2323,0.3954,9.3221,0.0006,15.7197,2.49,V,G,bb
2458445.8606486,520.2850,0.7546,9.6692,0.0016,15.0180,2.02,V,G,bb
2458447.8848572,731.9168,0.2858,9.2986,0.0004,16.0721,2.04,V,G,bb
2458448.6297002,507.1844,0.3907,9.6372,0.0008,15.6731,1.47,g,G,br
2458449.6992801,657.7897,0.4817,9.4146,0.0008,15.5055,2.35,V,G,bb
2458450.8072859,476.0824,0.3200,9.7059,0.0007,15.8899,1.45,g,G,br
2458451.8737868,749.6664,0.2020,9.2726,0.0003,16.4491,1.66,V,G,bb
2458452.7651778,352.1340,0.1414,10.0333,0.0004,16.7762,2.37,g,B,bB
2458455.8623548,363.4869,0.1651,9.9988,0.0005,16.6086,2.09,g,G,bB
2458456.8626812,381.6786,0.2232,9.9458,0.0006,16.2809,2.15,g,G,bB
2458457.8505541,363.3274,0.1804,9.9993,0.0005,16.5120,2.02,g,G,bB
2458458.8551159,370.6898,0.1703,9.9775,0.0005,16.5744,2.18,g,G,bB
2458459.8512231,381.0970,0.1647,9.9475,0.0005,16.6106,2.09,g,G,bB
2458460.8475592,357.9434,0.1676,10.0155,0.0005,16.5917,2.18,g,G,bB
2458464.8366906,350.3879,0.1431,10.0387,0.0004,16.7635,2.10,g,G,bB
2458465.8371452,359.1661,0.1339,10.0118,0.0004,16.8354,2.39,g,G,bB
2458466.7527924,372.8216,0.1444,9.9713,0.0004,16.7541,2.10,g,G,bB
2458467.7293449,380.3893,0.1804,9.9495,0.0005,16.5121,2.11,g,G,bB
2458469.7301275,385.1847,0.1610,9.9359,0.0005,16.6354,2.22,g,G,bB
2458470.7573696,264.2364,0.8276,10.3451,0.0034,14.8581,1.60,g,B,bB
2458472.8081238,357.3602,0.2212,10.0173,0.0007,16.2906,2.13,g,G,bB
2458473.7852852,346.3202,0.2093,10.0514,0.0007,16.3509,2.10,g,G,bB
2458476.7987838,364.7966,0.1482,9.9949,0.0004,16.7254,2.19,g,G,bB
2458483.7812585,394.5174,0.2245,9.9099,0.0006,16.2744,2.09,g,G,bB
2458484.7829309,360.9048,0.1461,10.0066,0.0004,16.7412,2.20,g,G,bB
2458485.7786111,375.2305,0.1695,9.9643,0.0005,16.5797,2.12,g,G,bB
2458486.7684668,387.9928,0.1890,9.9280,0.0005,16.4616,2.03,g,G,bB
2458489.7680591,390.3206,0.2014,9.9215,0.0006,16.3925,2.13,g,G,bB
2458490.7639008,358.4906,0.1030,10.0139,0.0003,17.1210,2.12,g,G,bB
2458492.7507402,361.0921,0.1334,10.0060,0.0004,16.8398,2.20,g,G,bB
2458493.7506174,365.9555,0.1152,9.9915,0.0003,16.9990,2.38,g,G,bB
2458494.7504823,375.7981,0.1709,9.9627,0.0005,16.5706,2.25,g,G,bB
2458495.7401099,374.2783,0.1455,9.9671,0.0004,16.7454,2.36,g,G,bB
2458497.7293246,387.7983,0.2000,9.9286,0.0006,16.4000,2.08,g,G,bB
2458498.7258666,374.4866,0.1576,9.9665,0.0005,16.6586,2.21,g,G,bB
2458499.738049,378.8244,0.1816,9.9540,0.0005,16.5051,2.07,g,G,bB
2458501.7310384,387.2624,0.2130,9.9301,0.0006,16.3319,2.27,g,G,bB
2458503.7202651,342.7830,0.2259,10.0625,0.0007,16.2678,2.25,g,G,bB
2458504.6839459,291.3545,0.6000,10.2390,0.0022,15.2072,1.52,g,G,br
2458505.6771116,278.4203,0.5888,10.2883,0.0023,15.2277,1.59,g,B,br
2458506.7176021,359.3090,0.0817,10.0114,0.0002,17.3717,2.46,g,G,bB
2458507.7141772,376.4711,0.1767,9.9607,0.0005,16.5343,2.36,g,G,bB
2458510.7089031,335.9825,0.2211,10.0843,0.0007,16.2911,2.08,g,G,bB
2458512.6591931,406.1889,0.2343,9.8782,0.0006,16.2282,1.58,g,G,br
2458515.6494255,405.4001,0.2458,9.8804,0.0007,16.1762,1.44,g,G,br
2458522.6278281,438.5592,0.1865,9.7950,0.0005,16.4760,1.52,g,G,br
2458523.6247957,389.8020,0.3103,9.9230,0.0009,15.9231,1.44,g,G,br
2458526.6189728,383.5652,0.3197,9.9405,0.0009,15.8906,1.58,g,G,br
2458527.6153275,401.8057,0.2880,9.8900,0.0008,16.0043,1.55,g,G,br
2458529.6089378,226.5302,0.7020,10.5123,0.0034,15.0367,1.61,g,B,br
2458531.6024862,376.5842,0.3709,9.9604,0.0011,15.7295,1.56,g,G,br
2458537.5833982,299.8807,0.5005,10.2077,0.0018,15.4042,2.21,g,G,br
2458540.5700638,419.4238,0.3802,9.8434,0.0010,15.7026,2.25,g,G,br
2458541.5743277,424.8665,0.1484,9.8294,0.0004,16.7239,2.01,g,G,br
2458632.1152217,323.1630,0.2929,10.1265,0.0010,15.9858,2.02,g,G,bB
2458633.1113991,326.4522,0.2619,10.1155,0.0009,16.1072,2.18,g,G,bB
2458634.1081266,331.5451,0.2480,10.0987,0.0008,16.1667,1.99,g,G,bB
2458635.1045152,335.2605,0.2087,10.0866,0.0007,16.3538,2.11,g,G,bB
2458636.1046927,350.7918,0.1432,10.0374,0.0004,16.7629,2.03,g,G,bB
2458637.1011313,336.6433,0.2048,10.0821,0.0007,16.3745,2.00,g,G,bB
2458638.097688,301.3205,0.2927,10.2025,0.0011,15.9866,2.39,g,G,bB
2458640.0942125,78.9822,0.8380,11.6562,0.0115,14.8445,1.99,g,B,bB
2458642.0871254,351.9620,0.1643,10.0338,0.0005,16.6138,2.01,g,G,bB
2458643.0796269,313.8169,0.2656,10.1584,0.0009,16.0922,2.09,g,G,bB
2458644.0799709,337.5943,0.1795,10.0791,0.0006,16.5175,2.03,g,G,bB
2458645.0802265,349.4444,0.1431,10.0416,0.0004,16.7636,2.06,g,G,bB
2458649.0792989,339.5878,0.2238,10.0727,0.0007,16.2780,2.01,g,G,bB
2458650.0787872,332.8775,0.2264,10.0944,0.0007,16.2657,2.02,g,G,bB
2458653.0767353,324.3471,0.3424,10.1225,0.0011,15.8164,2.02,g,G,bB
2458654.0600415,293.0065,0.3418,10.2329,0.0013,15.8182,2.09,g,G,bB
2458655.0597524,327.5840,0.2589,10.1118,0.0009,16.1200,2.03,g,G,bB
2458656.0568021,233.9121,0.4752,10.4774,0.0022,15.4604,1.99,g,B,bB
2458657.0525152,337.5348,0.2372,10.0793,0.0008,16.2146,2.01,g,G,bB
2458660.0457975,314.8438,0.3046,10.1548,0.0011,15.9432,2.04,g,G,bB
2458668.0156573,336.1772,0.1971,10.0836,0.0006,16.4160,2.09,g,G,bB
2458669.0195638,334.4431,0.1897,10.0893,0.0006,16.4572,2.03,g,G,bB
2458670.0181375,340.2828,0.1702,10.0705,0.0005,16.5751,1.99,g,G,bB
2458671.0669864,368.1985,0.1428,9.9849,0.0004,16.7659,2.20,g,G,bB
2458678.9210975,417.4647,0.2026,9.8485,0.0005,16.3858,1.53,g,G,br
2458688.9761236,355.1000,0.1874,10.0242,0.0006,16.4709,2.09,g,G,bB
2458689.9758648,350.5766,0.1622,10.0381,0.0005,16.6276,2.03,g,G,bB
2458690.8221056,385.2925,0.2998,9.9356,0.0008,15.9605,1.40,g,G,br
2458692.0169021,362.1879,0.1201,10.0027,0.0004,16.9534,2.04,g,G,bB
2458694.9882443,359.3054,0.1075,10.0114,0.0003,17.0744,2.10,g,G,bB
2458701.054968,370.2166,0.2084,9.9789,0.0006,16.3555,2.03,g,G,bB
2458704.8623213,328.0072,0.4575,10.1104,0.0015,15.5016,1.43,g,G,br
2458706.0942772,363.7831,0.1660,9.9980,0.0005,16.6026,2.00,g,G,bB
2458707.9017343,403.7567,0.2619,9.8848,0.0007,16.1073,1.44,g,G,br
2458707.9264999,323.2079,0.3435,10.1264,0.0012,15.8129,2.00,g,G,bB
2458709.0224,362.1071,0.2759,10.0030,0.0008,16.0507,2.03,g,G,bB
2458719.9196779,327.0696,0.2393,10.1135,0.0008,16.2051,2.27,g,G,bB
2458721.9471161,339.7161,0.1871,10.0723,0.0006,16.4726,2.07,g,G,bB
2458723.9984204,404.6657,0.2542,9.8823,0.0007,16.1399,2.06,g,G,bB
2458725.0160885,375.6871,0.1672,9.9630,0.0005,16.5942,2.15,g,G,bB
2458727.8129706,374.3070,0.3514,9.9670,0.0010,15.7882,1.43,g,G,br
2458732.9323352,363.2252,0.1175,9.9996,0.0004,16.9778,2.01,g,G,bB
2458733.9085072,138.5999,0.7140,11.0457,0.0056,15.0184,2.02,g,B,bB
2458735.0480696,402.9461,0.2305,9.8869,0.0006,16.2457,2.07,g,G,bB
2458736.9920005,373.1908,0.3943,9.9702,0.0011,15.6630,2.32,g,B,bB
2458737.8829472,311.2790,0.4876,10.1672,0.0017,15.4326,2.02,g,B,bB
2458741.0401639,314.4340,0.4810,10.1562,0.0017,15.4472,2.15,g,G,bB
2458741.0414565,320.3177,0.5380,10.1361,0.0018,15.3257,2.15,g,G,bB
2458744.9865007,363.5918,0.1888,9.9985,0.0006,16.4627,2.06,g,G,bB
2458748.8172834,313.9794,0.2947,10.1578,0.0010,15.9792,2.02,g,G,bB
2458751.0036202,382.9177,0.1434,9.9423,0.0004,16.7615,2.02,g,G,bB
2458752.006812,382.7889,0.1445,9.9427,0.0004,16.7531,2.06,g,G,bB
2458753.963877,351.7930,0.1152,10.0343,0.0004,16.9990,2.03,g,G,bB
2458755.6506723,292.8721,0.5183,10.2334,0.0019,15.3661,1.45,g,G,br
2458756.0713841,336.3201,0.1815,10.0832,0.0006,16.5053,2.01,g,G,bB
2458760.6589244,308.1136,0.4999,10.1783,0.0018,15.4054,2.29,g,G,br
2458762.8730937,391.0820,0.3080,9.9194,0.0009,15.9313,1.43,g,G,br
2458764.7857725,338.4242,0.2355,10.0764,0.0008,16.2226,2.01,g,G,bB
2458764.9659715,312.6092,0.4870,10.1626,0.0017,15.4338,1.46,g,G,br
2458765.8040356,309.3221,0.2801,10.1740,0.0010,16.0345,2.01,g,B,bB
2458766.8505006,409.3249,0.2928,9.8699,0.0008,15.9861,1.44,g,G,br
2458771.684007,261.3125,0.6469,10.3572,0.0027,15.1255,1.56,g,B,br
2458772.6555788,404.8363,0.3379,9.8819,0.0009,15.8307,1.46,g,G,br
2458773.6133833,368.9276,0.3592,9.9827,0.0011,15.7643,1.47,g,G,br
2458776.0005344,233.7086,0.5262,10.4784,0.0024,15.3497,1.98,g,B,bB
2458777.800592,514.4124,0.4260,9.6218,0.0009,15.5791,1.51,g,G,br
2458778.911742,384.3669,0.1794,9.9382,0.0005,16.5181,2.34,g,G,bB
2458779.7993548,364.0333,0.0985,9.9972,0.0003,17.1692,2.02,g,G,bB
2458780.9864591,360.5418,0.0633,10.0077,0.0002,17.6487,2.04,g,G,bB
2458781.7997523,362.1425,0.0993,10.0029,0.0003,17.1599,2.33,g,G,bB
2458784.7848247,521.0890,0.4313,9.6078,0.0009,15.5657,1.39,g,G,br
2458785.7465424,497.7722,0.3875,9.6575,0.0008,15.6820,1.37,g,G,br
2458786.8292136,496.9931,0.3682,9.6592,0.0008,15.7375,1.43,g,G,br
2458789.8200621,493.4626,0.3623,9.6669,0.0008,15.7550,1.50,g,G,br
2458790.7697565,375.3162,0.1678,9.9641,0.0005,16.5908,2.00,g,G,bB
2458793.8257043,-38.1485,1.0216,14.6295,99.9990,14.6295,1.45,g,B,br
2458794.9439882,340.1208,0.1793,10.0710,0.0006,16.5185,2.03,g,G,bB
2458797.9315315,316.9959,0.3129,10.1474,0.0011,15.9140,2.08,g,G,bB
2458802.8627056,399.8026,0.2299,9.8955,0.0006,16.2489,2.03,g,G,bB
2458804.7969926,405.2256,0.2094,9.8808,0.0006,16.3503,2.08,g,G,bB
2458805.638323,486.3361,0.3411,9.6827,0.0008,15.8204,1.43,g,G,br
2458806.5911281,494.6904,0.3606,9.6642,0.0008,15.7602,1.64,g,G,br
2458810.7734944,229.8556,0.6956,10.4964,0.0033,15.0468,2.12,g,B,bB
2458811.5930883,320.1665,0.5002,10.1366,0.0017,15.4048,1.60,g,B,br
2458811.9033136,368.5566,0.1407,9.9838,0.0004,16.7815,2.05,g,G,bB
2458812.5555504,452.1621,0.3072,9.7618,0.0007,15.9342,1.56,g,B,br
2458812.8785791,355.9907,0.1338,10.0215,0.0004,16.8366,2.10,g,G,bB
2458813.8920143,370.3133,0.1115,9.9786,0.0003,17.0343,2.04,g,G,bB
2458815.8920405,341.2165,0.1801,10.0675,0.0006,16.5136,2.01,g,G,bB
2458818.746941,-17.7783,1.0601,14.5893,99.9990,14.5893,1.47,g,B,br
2458818.7481582,627.6785,0.5652,9.4057,0.0010,15.2721,1.43,g,B,br
2458819.7280031,505.3667,0.3989,9.6410,0.0009,15.6504,1.44,g,G,br
2458820.7743578,481.8042,0.3290,9.6929,0.0007,15.8598,1.49,g,G,br
2458825.7486263,348.0867,0.1757,10.0458,0.0005,16.5409,2.42,g,G,bB
2458830.7870843,443.5687,0.5747,9.7827,0.0014,15.2541,2.01,g,B,br
2458831.5867042,519.5876,0.4436,9.6109,0.0009,15.5353,1.41,g,G,br
2458832.5872749,505.5409,0.3940,9.6407,0.0008,15.6639,1.64,g,G,br
2458833.5948767,449.0223,0.2291,9.7694,0.0006,16.2528,1.54,g,G,br
2458834.595053,510.5657,0.4254,9.6299,0.0009,15.5807,1.41,g,G,br
2458837.7430901,385.5713,0.1789,9.9348,0.0005,16.5210,2.11,g,G,bB
2458838.7434483,450.7996,0.2479,9.7651,0.0006,16.1671,1.46,g,G,br
2458839.6180228,511.8518,0.4060,9.6272,0.0009,15.6314,1.49,g,G,br
2458846.6716643,469.2021,0.3019,9.7217,0.0007,15.9530,1.49,g,G,br
2458847.664641,493.0345,0.3643,9.6679,0.0008,15.7490,1.48,g,G,br
2458854.7454691,366.5283,0.1442,9.9898,0.0004,16.7556,2.17,g,G,bB
2458863.6886554,-330.8057,1.6905,14.0826,99.9990,14.0826,1.41,g,B,br
2458863.6911023,-167.9907,1.4005,14.2870,99.9990,14.2870,1.44,g,B,br
2458866.6930806,420.2121,0.2892,9.8414,0.0007,15.9998,1.62,g,G,br
2458867.6874773,410.4250,0.2296,9.8670,0.0006,16.2503,1.54,g,G,br
2458871.6599779,-24.7063,1.0571,14.5923,99.9990,14.5923,1.54,g,B,br
2458872.6646493,437.9954,0.2067,9.7964,0.0005,16.3642,1.44,g,G,br
2458873.6614728,290.3075,0.5811,10.2429,0.0022,15.2420,1.42,g,B,br
2458874.657984,370.5760,0.3751,9.9779,0.0011,15.7173,1.46,g,B,br
2458877.6335165,443.2301,0.2147,9.7835,0.0005,16.3233,1.45,g,G,br
2458879.5675654,455.0717,0.2830,9.7549,0.0007,16.0233,1.52,g,B,br
2458880.5569355,473.7794,0.4669,9.7111,0.0011,15.4795,1.46,g,B,br
2458892.612369,390.1326,0.3204,9.9220,0.0009,15.8883,1.55,g,G,br
2458893.5936968,406.7372,0.2682,9.8768,0.0007,16.0816,1.97,g,G,br
2458904.584468,391.6842,0.3188,9.9177,0.0009,15.8939,1.61,g,G,br
2458905.5901802,312.3527,0.4903,10.1635,0.0017,15.4265,2.09,g,G,br
2458906.577805,403.1019,0.3231,9.8865,0.0009,15.8793,1.78,g,B,br
2458907.5842906,-106.5710,1.2102,14.4455,99.9990,14.4455,2.27,g,B,br
2458998.111725,308.5076,0.2784,10.1769,0.0010,16.0410,2.25,g,G,bB
2459000.108667,325.9403,0.2573,10.1172,0.0009,16.1267,2.05,g,G,bB
2459001.1049569,313.0999,0.2736,10.1609,0.0009,16.0600,2.28,g,G,bB
2459002.1015005,334.9294,0.2271,10.0877,0.0007,16.2619,2.03,g,G,bB
2459004.0939934,342.6916,0.1641,10.0628,0.0005,16.6148,2.02,g,G,bB
2459005.0942939,319.2173,0.2878,10.1398,0.0010,16.0049,2.16,g,G,bB
2459013.0928304,327.4739,0.2568,10.1121,0.0009,16.1286,2.28,g,G,bB
2459014.9222605,404.4542,0.2844,9.8829,0.0008,16.0178,1.48,g,G,br
2459015.918738,370.3930,0.3571,9.9784,0.0010,15.7707,1.59,g,G,br
2459025.0542314,296.4632,0.2851,10.2201,0.0010,16.0153,2.15,g,G,bB
2459028.047014,334.2935,0.1921,10.0897,0.0006,16.4440,2.10,g,G,bB
2459029.0429809,331.9781,0.1980,10.0973,0.0006,16.4112,2.01,g,G,bB
2459030.0490132,323.2449,0.2176,10.1262,0.0007,16.3086,2.12,g,G,bB
2459032.0411278,338.3033,0.1806,10.0768,0.0006,16.5109,2.07,g,G,bB
2459033.0401126,342.2134,0.1922,10.0643,0.0006,16.4431,2.17,g,G,bB
2459034.0271251,334.7742,0.2356,10.0882,0.0008,16.2222,2.03,g,G,bB
2459037.0185557,286.2891,0.3992,10.2581,0.0015,15.6496,2.01,g,G,bB
2459037.8736092,368.4795,0.3895,9.9840,0.0011,15.6763,1.50,g,B,br
2459038.8730293,380.9894,0.3450,9.9478,0.0010,15.8080,1.45,g,B,br
2459040.8628942,347.3381,0.4467,10.0482,0.0014,15.5276,1.45,g,G,br
2459041.8653723,384.5800,0.3223,9.9376,0.0009,15.8820,1.56,g,G,br
2459042.8541375,406.6283,0.2727,9.8771,0.0007,16.0632,1.49,g,G,br
2459043.8563553,376.9008,0.3547,9.9595,0.0010,15.7778,1.45,g,G,br
2459047.0019027,1.8210,0.9476,14.7111,99.9990,14.7111,1.72,g,B,bB
2459048.9914611,351.7444,0.1288,10.0345,0.0004,16.8775,1.99,g,G,bB
2459049.9893194,358.5352,0.1111,10.0137,0.0003,17.0388,2.06,g,G,bB
2459051.0132454,352.5876,0.1144,10.0319,0.0004,17.0070,2.06,g,G,bB
2459051.9987467,350.2233,0.1373,10.0392,0.0004,16.8082,2.00,g,G,bB
2459053.9708172,289.6512,0.3119,10.2454,0.0012,15.9177,2.08,g,G,bB
2459055.8211961,323.8374,0.4702,10.1242,0.0016,15.4720,1.46,g,G,br
2459055.8224063,425.1469,0.8062,9.8287,0.0021,14.8866,1.37,g,G,br
2459058.9532933,331.8534,0.1878,10.0977,0.0006,16.4683,2.12,g,G,bB
2459059.80963,399.4066,0.2823,9.8965,0.0008,16.0260,1.44,g,G,br
2459060.1200218,380.6432,0.1675,9.9488,0.0005,16.5924,2.01,g,G,bB
2459060.8092375,389.9739,0.3220,9.9225,0.0009,15.8831,1.51,g,G,br
2459061.8045509,383.6582,0.3310,9.9402,0.0009,15.8529,1.47,g,G,br
2459062.0429553,391.7280,0.2129,9.9176,0.0006,16.3323,2.12,g,G,bB
2459062.8005725,387.6365,0.3587,9.9290,0.0010,15.7657,1.51,g,B,br
2459066.7829862,338.4464,0.4902,10.0763,0.0016,15.4266,1.49,g,G,br
2459068.7824142,330.6005,0.4845,10.1018,0.0016,15.4395,1.46,g,G,br
2459069.7768658,359.7808,0.3925,10.0100,0.0012,15.6680,1.43,g,G,br
2459070.7818692,359.6169,0.4044,10.0105,0.0012,15.6356,1.46,g,G,br
2459071.1203956,385.1770,0.1846,9.9359,0.0005,16.4871,2.07,g,G,bB
2459072.0164814,382.0395,0.1825,9.9448,0.0005,16.4997,2.03,g,G,bB
2459072.7746494,407.2400,0.2394,9.8754,0.0006,16.2050,1.44,g,G,br
2459073.7699527,389.7488,0.3152,9.9231,0.0009,15.9060,1.41,g,G,br
2459074.1135677,394.0115,0.1873,9.9113,0.0005,16.4711,2.02,g,G,bB
2459074.7631374,374.1063,0.3459,9.9676,0.0010,15.8053,1.43,g,G,br
2459075.1130771,382.9157,0.2016,9.9423,0.0006,16.3911,2.20,g,G,bB
2459075.7614483,376.2331,0.3498,9.9614,0.0010,15.7932,1.46,g,G,br
2459075.9924793,363.7039,0.0904,9.9982,0.0003,17.2626,2.06,g,G,bB
2459077.8920353,350.4244,0.1814,10.0386,0.0006,16.5058,2.00,g,G,bB
2459078.9366975,345.7665,0.1447,10.0531,0.0005,16.7512,2.27,g,G,bB
2459079.7568313,77.8735,0.8346,11.6716,0.0116,14.8489,1.44,g,G,br
2459080.065082,404.5477,0.2492,9.8826,0.0007,16.1611,2.07,g,G,bB
2459080.7499581,330.4209,0.4574,10.1024,0.0015,15.5019,1.49,g,G,br
2459081.7454784,171.4172,0.7162,10.8149,0.0045,15.0151,1.60,g,G,br
2459082.748212,152.9526,0.7469,10.9387,0.0053,14.9695,1.48,g,G,br
2459083.8774493,337.1069,0.1833,10.0806,0.0006,16.4947,2.13,g,G,bB
2459084.7394187,171.4295,0.7145,10.8149,0.0045,15.0176,1.44,g,G,br
2459085.0355222,403.9675,0.2399,9.8842,0.0006,16.2027,2.10,g,G,bB
2459085.7344867,-81.5342,0.9847,14.6693,99.9990,14.6693,1.47,g,G,br
2459085.9058625,638.1428,0.2215,9.3878,0.0004,16.2894,1.41,g,G,br
2459086.7337582,347.8775,0.4140,10.0465,0.0013,15.6100,1.47,g,G,br
2459086.9968511,362.3648,0.0798,10.0022,0.0002,17.3980,2.01,g,G,bB
2459087.7294675,351.2158,0.4177,10.0361,0.0013,15.6005,1.48,g,G,br
2459087.9766064,399.0217,0.2198,9.8976,0.0006,16.2974,2.19,g,G,bB
2459088.7195149,353.0985,0.3835,10.0303,0.0012,15.6931,1.47,g,G,br
2459089.7239056,305.4534,0.5155,10.1877,0.0018,15.3720,1.46,g,G,br
2459090.1194516,381.9313,0.1778,9.9451,0.0005,16.5279,2.21,g,G,bB
2459090.7193183,318.3699,0.5096,10.1427,0.0017,15.3846,1.56,g,G,br
2459091.0409594,392.8752,0.1741,9.9144,0.0005,16.5507,2.02,g,G,bB
2459091.7208223,314.1968,0.5147,10.1571,0.0018,15.3737,1.50,g,G,br
2459096.703003,360.3134,0.4335,10.0084,0.0013,15.5602,1.55,g,B,br
2459096.9712462,382.8968,0.1856,9.9424,0.0005,16.4814,2.06,g,G,bB
2459097.7053418,386.5439,0.3615,9.9321,0.0010,15.7574,1.45,g,G,br
2459097.9133008,343.0595,0.1701,10.0616,0.0005,16.5759,2.04,g,B,bB
2459099.047376,394.7168,0.2158,9.9094,0.0006,16.3175,2.17,g,B,bB
2459100.8319169,321.7281,0.2329,10.1313,0.0008,16.2345,2.11,g,G,bB
2459102.0384582,372.8134,0.1464,9.9713,0.0004,16.7392,2.28,g,G,bB
2459103.0500415,391.1298,0.2005,9.9193,0.0006,16.3971,2.15,g,G,bB
2459103.8260747,326.0970,0.2078,10.1167,0.0007,16.3588,2.01,g,G,bB
2459105.8208837,352.6984,0.1245,10.0316,0.0004,16.9143,2.03,g,G,bB
2459106.8388317,355.3658,0.1021,10.0234,0.0003,17.1304,2.01,g,G,bB
2459108.0261453,414.9466,0.2425,9.8551,0.0006,16.1910,2.07,g,G,bB
2459108.8832261,360.6363,0.0598,10.0074,0.0002,17.7105,2.03,g,G,bB
2459111.9161271,305.8636,0.3492,10.1862,0.0012,15.7949,2.27,g,B,bB
2459114.9263801,387.8792,0.1871,9.9283,0.0005,16.4723,2.13,g,G,bB
2459117.7862288,322.6122,0.2254,10.1284,0.0008,16.2700,2.13,g,G,bB
2459118.7823402,321.2527,0.2392,10.1329,0.0008,16.2056,2.26,g,G,bB
2459120.0444283,346.3345,0.2092,10.0513,0.0007,16.3513,2.01,g,G,bB
2459120.8165634,332.2520,0.2245,10.0964,0.0007,16.2744,2.23,g,G,bB
2459121.8821988,377.3177,0.1977,9.9583,0.0006,16.4128,2.07,g,G,bB
2459122.6904609,410.1188,0.2655,9.8678,0.0007,16.0927,1.72,g,G,br
2459125.9801677,378.7892,0.2921,9.9541,0.0008,15.9889,2.08,g,G,bB
2459126.9816597,377.7770,0.1729,9.9570,0.0005,16.5583,2.07,g,G,bB
2459127.6227351,307.1894,0.5323,10.1816,0.0019,15.3373,1.43,g,G,br
2459127.8181624,334.3234,0.2844,10.0896,0.0009,16.0179,2.13,g,G,bB
2459128.6181009,287.7287,0.5285,10.2526,0.0020,15.3451,1.44,g,G,br
2459128.8180168,372.7481,0.1515,9.9715,0.0004,16.7018,2.13,g,G,bB
2459129.6100079,238.6198,0.6123,10.4558,0.0028,15.1852,1.48,g,G,br
2459129.8090983,354.8370,0.1023,10.0250,0.0003,17.1277,2.04,g,G,bB
2459130.7936192,371.6281,0.1353,9.9748,0.0004,16.8241,2.01,g,G,bB
2459132.0296454,353.1377,0.1680,10.0302,0.0005,16.5891,2.04,g,G,bB
2459132.579258,262.5639,0.5708,10.3520,0.0024,15.2615,1.50,g,B,br
2459132.8190492,350.2431,0.1373,10.0391,0.0004,16.8081,2.12,g,G,bB
2459135.5826844,-315.4820,1.7917,14.0195,99.9990,14.0195,1.67,g,B,br
2459137.9774774,360.6448,0.0561,10.0074,0.0002,17.7805,2.02,g,G,bB
2459138.5811792,-66.9600,1.4143,14.2763,99.9990,14.2763,1.45,g,B,br
2459139.5765539,368.5071,0.3483,9.9840,0.0010,15.7979,1.58,g,G,br
2459140.0064212,139.5918,0.7671,11.0379,0.0060,14.9405,2.06,g,B,bB
2459143.7069819,319.6552,0.2317,10.1384,0.0008,16.2404,2.06,g,G,bB
2459143.9116903,294.0031,0.5262,10.2292,0.0019,15.3497,1.45,g,G,br
2459145.7023424,299.3117,0.2992,10.2098,0.0011,15.9628,2.06,g,G,bB
2459146.7968196,376.5890,0.1488,9.9604,0.0004,16.7212,2.02,g,G,bB
2459148.7503179,339.0555,0.1976,10.0744,0.0006,16.4130,2.01,g,G,bB
2459155.7556307,387.6710,0.8934,9.9289,0.0025,14.7751,1.52,g,B,br
2459156.8497208,347.2774,0.7398,10.0484,0.0023,14.9799,1.55,g,B,br
2459157.8874367,288.1558,0.6569,10.2510,0.0025,15.1089,1.51,g,B,br
2459158.7805961,379.7233,0.3449,9.9514,0.0010,15.8086,1.49,g,G,br
2459159.8877611,321.6230,0.4795,10.1317,0.0016,15.4508,1.53,g,G,br
2459161.5449104,324.5288,0.4800,10.1219,0.0016,15.4495,1.50,g,G,br
2459161.8224045,401.1325,0.2016,9.8918,0.0005,16.3917,2.07,g,G,bB
2459162.7237581,-21.3269,1.0154,14.6360,99.9990,14.6360,1.42,g,B,br
2459163.5638973,306.3554,0.4947,10.1845,0.0018,15.4168,1.99,g,G,br
2459166.693008,350.5725,0.1323,10.0381,0.0004,16.8489,2.42,g,G,bB
2459167.5668867,382.2642,0.3244,9.9442,0.0009,15.8751,1.49,g,G,br
2459169.5420481,374.0972,0.3467,9.9676,0.0010,15.8029,2.08,g,G,br
2459169.7322644,362.3896,0.1459,10.0021,0.0004,16.7424,2.30,g,G,bB
2459171.5528602,324.5172,0.4987,10.1220,0.0017,15.4080,1.51,g,G,br
2459172.5474943,341.4495,0.4298,10.0667,0.0014,15.5695,2.00,g,G,br
2459173.5485618,421.7672,0.3729,9.8374,0.0010,15.7236,1.55,g,G,br
2459173.9096943,375.1867,0.1689,9.9644,0.0005,16.5836,2.07,g,G,bB
2459179.547919,458.0381,0.3174,9.7478,0.0008,15.8986,1.75,g,G,br
2459180.8717803,338.6600,0.2262,10.0757,0.0007,16.2665,2.19,g,G,bB
2459181.5328309,451.8083,0.5289,9.7627,0.0013,15.3442,2.07,g,B,br
2459182.6495062,456.9828,0.3252,9.7503,0.0008,15.8724,1.49,g,G,br
2459184.8168158,350.2985,0.2084,10.0390,0.0006,16.3553,2.07,g,G,bB
2459185.5698721,450.6106,0.2634,9.7656,0.0006,16.1012,1.52,g,G,br
2459186.8616875,351.8189,0.1452,10.0343,0.0004,16.7480,2.10,g,G,bB
2459187.5498205,258.1717,0.6512,10.3703,0.0027,15.1184,1.60,g,B,br
2459188.6300917,476.2042,0.3199,9.7056,0.0007,15.8901,1.43,g,G,br
2459188.8669143,366.2830,0.1197,9.9905,0.0004,16.9571,2.07,g,G,bB
2459189.6514581,-0.0275,1.1107,14.5386,99.9990,14.5386,1.47,g,G,br
2459189.6710102,350.6629,0.4132,10.0378,0.0013,15.6121,1.48,g,G,br
2459189.8554308,382.5844,0.1850,9.9432,0.0005,16.4845,2.02,g,G,bB
2459190.5996984,456.0879,0.2489,9.7524,0.0006,16.1627,1.48,g,G,br
2459190.727026,393.6100,0.2044,9.9124,0.0006,16.3767,2.12,g,G,bB
2459191.6748184,333.8113,0.4986,10.0913,0.0016,15.4083,1.41,g,B,br
2459192.8427929,357.4843,0.1191,10.0169,0.0004,16.9627,2.19,g,B,bB
2459193.7123318,401.3418,0.2372,9.8913,0.0006,16.2150,2.02,g,G,bB
2459196.5677938,487.3479,0.3542,9.6805,0.0008,15.7796,1.53,g,G,br
2459199.7139525,175.7669,0.6693,10.7877,0.0041,15.0886,2.21,g,B,bB
2459200.5980429,488.5712,0.3669,9.6777,0.0008,15.7412,1.47,g,G,br
2459201.5771926,492.7519,0.3759,9.6685,0.0008,15.7151,1.40,g,G,br
2459204.536231,468.4594,0.3574,9.7234,0.0008,15.7698,2.20,g,B,br
2459205.7045409,384.2715,0.1606,9.9385,0.0005,16.6386,2.34,g,G,bB
2459206.7355715,380.1026,0.1897,9.9503,0.0005,16.4573,2.11,g,G,bB
2459207.7704786,381.0838,0.1762,9.9475,0.0005,16.5374,2.05,g,G,bB
2459208.7969645,391.9843,0.1934,9.9169,0.0005,16.4367,2.07,g,G,bB
2459209.7936713,360.5341,0.1086,10.0077,0.0003,17.0630,2.06,g,G,bB
2459211.6447221,488.3884,0.3791,9.6782,0.0008,15.7058,1.45,g,G,br
2459211.809512,334.9966,0.2350,10.0875,0.0008,16.2251,2.12,g,G,bB
2459212.7867083,340.8661,0.3286,10.0686,0.0010,15.8609,2.11,g,G,bB
2459216.5904729,452.5334,0.2547,9.7609,0.0006,16.1374,1.42,g,G,br
2459218.6573199,454.7884,0.2947,9.7555,0.0007,15.9790,1.59,g,G,br
2459219.7522225,384.8536,0.1850,9.9368,0.0005,16.4844,2.07,g,G,bB
2459221.7302079,368.1830,0.1399,9.9849,0.0004,16.7877,2.02,g,G,bB
2459222.6007956,478.4714,0.3468,9.7004,0.0008,15.8024,1.47,g,G,br
2459223.7593119,69.2010,0.9353,11.7998,0.0147,14.7252,1.70,g,B,bB
2459225.7659763,369.9329,0.1276,9.9798,0.0004,16.8878,2.03,g,G,bB
2459227.7439581,367.2525,0.1204,9.9877,0.0004,16.9508,2.14,g,G,bB
2459228.7446469,400.0838,0.2077,9.8947,0.0006,16.3588,2.11,g,G,bB
2459229.7259693,363.8996,0.1004,9.9976,0.0003,17.1486,2.31,g,G,bB
2459230.7377032,367.2386,0.0991,9.9877,0.0003,17.1627,2.03,g,G,bB
2459231.7345201,365.2781,0.1035,9.9935,0.0003,17.1152,2.10,g,G,bB
2459232.572108,453.3228,0.2442,9.7590,0.0006,16.1832,1.50,g,G,br
2459237.7213971,367.9135,0.1189,9.9857,0.0004,16.9650,2.14,g,G,bB
2459244.7102511,360.9628,0.2067,10.0064,0.0006,16.3645,2.22,g,G,bB
2459246.6640047,378.3944,0.4262,9.9552,0.0012,15.5785,1.43,g,G,br
2459247.615904,241.4041,0.6544,10.4432,0.0029,15.1130,1.44,g,G,br
2459254.5979908,441.1289,0.2194,9.7887,0.0005,16.2998,1.39,g,G,br
2459255.5733808,452.1788,0.2650,9.7618,0.0006,16.0946,1.46,g,G,br
2459256.6309697,370.1051,0.3656,9.9793,0.0011,15.7452,1.45,g,G,br
2459270.582747,404.8899,0.2946,9.8817,0.0008,15.9794,1.50,g,G,br
2459274.5869661,276.1249,0.6402,10.2973,0.0025,15.1368,1.49,g,G,br
2459276.5803584,456.3855,0.7010,9.7517,0.0017,15.0384,2.38,g,B,br
2459277.5770409,347.7340,0.6223,10.0469,0.0019,15.1677,2.20,g,B,br
2459357.1159845,265.8270,0.5326,10.3386,0.0022,15.3366,2.13,g,G,bB
2459359.1128615,301.4901,0.3952,10.2019,0.0014,15.6606,2.02,g,G,bB
2459363.0990966,252.8502,0.4609,10.3929,0.0020,15.4935,2.06,g,G,bB
2459364.1071555,281.4856,0.4536,10.2764,0.0018,15.5109,2.03,g,G,bB
2459365.1037619,297.9494,0.3380,10.2147,0.0012,15.8305,2.01,g,G,bB
2459366.0963244,312.6356,0.3066,10.1625,0.0011,15.9361,2.05,g,G,bB
2459367.1119951,327.9127,0.3898,10.1107,0.0013,15.6755,2.02,g,G,bB
2459368.0933882,330.4986,0.2615,10.1021,0.0009,16.1090,2.20,g,G,bB
2459369.0935341,308.9200,0.2903,10.1755,0.0010,15.9955,2.05,g,G,bB
2459370.1064418,319.1138,0.2772,10.1402,0.0009,16.0455,2.30,g,G,bB
2459371.078822,286.7045,0.3141,10.2565,0.0012,15.9100,2.06,g,G,bB
2459372.0905832,331.2645,0.2064,10.0996,0.0007,16.3660,2.11,g,G,bB
2459372.9273617,242.1623,0.6026,10.4398,0.0027,15.2025,1.50,g,G,br
2459374.0797932,328.0650,0.2112,10.1102,0.0007,16.3410,2.02,g,G,bB
2459375.079987,294.7967,0.2861,10.2263,0.0011,16.0114,2.04,g,G,bB
2459379.0926172,353.4465,0.2055,10.0293,0.0006,16.3706,2.21,g,G,bB
2459384.0493062,320.1930,0.2424,10.1365,0.0008,16.1911,2.01,g,G,bB
2459385.0529379,295.3726,0.2836,10.2241,0.0010,16.0208,2.09,g,G,bB
2459385.9161207,358.7523,0.3829,10.0131,0.0012,15.6950,1.50,g,G,br
2459386.1053915,344.2004,0.1908,10.0580,0.0006,16.4510,2.01,g,G,bB
2459387.0353337,318.3447,0.2611,10.1428,0.0009,16.1108,2.08,g,G,bB
2459389.0505027,307.3486,0.3722,10.1810,0.0013,15.7258,2.03,g,G,bB
2459389.0517763,292.7118,0.3794,10.2340,0.0014,15.7049,2.04,g,G,bB
2459392.031866,307.8696,0.3723,10.1791,0.0013,15.7253,2.05,g,G,bB
2459393.0985481,352.0819,0.3090,10.0335,0.0010,15.9277,2.00,g,G,bB
2459395.0254285,330.3017,0.3102,10.1028,0.0010,15.9237,2.00,g,G,bB
2459396.0581357,365.7223,0.2492,9.9922,0.0007,16.1612,2.02,g,G,bB
2459399.0365279,346.7589,0.1701,10.0500,0.0005,16.5761,2.04,g,G,bB
2459401.0426497,338.1767,0.1862,10.0772,0.0006,16.4774,2.33,g,G,bB
2459401.887867,394.9118,0.5864,9.9088,0.0016,15.2322,1.48,g,G,br
2459403.9964189,318.3003,0.2645,10.1430,0.0009,16.0966,2.08,g,G,bB
2459405.0002947,318.6558,0.2393,10.1418,0.0008,16.2052,2.00,g,G,bB
2459405.8401649,406.9543,0.4027,9.8762,0.0011,15.6402,1.44,g,G,br
2459408.0591209,256.2516,0.5188,10.3784,0.0022,15.3651,2.05,g,B,bB
2459408.9805356,326.4251,0.2441,10.1156,0.0008,16.1837,2.00,g,G,bB
2459410.8346937,257.1630,0.6057,10.3745,0.0026,15.1970,1.47,g,G,br
2459411.8221933,207.8375,0.6695,10.6058,0.0035,15.0883,1.39,g,B,br
2459411.9813436,322.8329,0.2302,10.1276,0.0008,16.2475,2.02,g,G,bB
2459412.8216738,-291.9920,1.7174,14.0655,99.9990,14.0655,1.47,g,B,br
2459412.9794023,327.8020,0.2174,10.1110,0.0007,16.3095,2.01,g,G,bB
2459414.9658813,320.3246,0.2455,10.1361,0.0008,16.1777,2.14,g,G,bB
2459416.8402569,-52.2139,1.1536,14.4975,99.9990,14.4975,1.48,g,G,br
2459418.8222722,119.1335,0.8692,11.2100,0.0079,14.8049,1.72,g,B,br
2459421.8168597,322.3220,0.5258,10.1293,0.0018,15.3506,1.65,g,B,br
2459422.0364151,380.1012,0.3484,9.9503,0.0010,15.7973,2.04,g,G,bB
2459422.796401,367.8159,0.3730,9.9860,0.0011,15.7234,1.60,g,B,br
2459423.7915975,341.0029,0.4910,10.0682,0.0016,15.4249,1.44,g,G,br
2459424.7943556,355.0252,0.4154,10.0244,0.0013,15.6065,1.68,g,G,br
2459425.7935648,374.5086,0.4181,9.9664,0.0012,15.5995,1.42,g,G,br
2459427.0460511,378.3440,0.1772,9.9553,0.0005,16.5315,2.04,g,G,bB
2459427.7983567,403.2357,0.3002,9.8862,0.0008,15.9591,1.42,g,G,br
2459427.9724012,355.0875,0.1106,10.0242,0.0003,17.0435,2.14,g,G,bB
2459428.9476339,323.6301,0.2377,10.1249,0.0008,16.2128,2.15,g,G,bB
2459430.0897018,394.6853,0.2133,9.9094,0.0006,16.3300,2.07,g,G,bB
2459430.7790535,141.8265,0.7426,11.0207,0.0057,14.9757,1.40,g,G,br
2459431.784698,217.1702,0.6488,10.5581,0.0032,15.1224,1.46,g,G,br
2459432.7741709,292.7006,0.5269,10.2340,0.0020,15.3483,1.41,g,G,br
2459432.9497283,348.0285,0.1656,10.0460,0.0005,16.6051,2.12,g,G,bB
2459433.762923,131.8367,0.7539,11.1000,0.0062,14.9593,1.43,g,G,br
2459433.9878768,379.1185,0.1722,9.9531,0.0005,16.5626,2.00,g,G,bB
2459434.7776136,338.3653,0.4505,10.0766,0.0014,15.5185,1.46,g,G,br
2459434.9033317,351.4675,0.1183,10.0354,0.0004,16.9703,2.05,g,G,bB
2459435.7691888,300.7126,0.4976,10.2047,0.0018,15.4104,1.37,g,G,br
2459435.923838,335.7629,0.1956,10.0850,0.0006,16.4244,2.06,g,G,bB
2459436.7568214,357.7769,0.4326,10.0160,0.0013,15.5625,1.39,g,G,br
2459437.9088182,312.7115,0.2444,10.1622,0.0008,16.1825,2.01,g,B,bB
2459438.9010613,322.4775,0.2276,10.1288,0.0008,16.2599,2.01,g,G,bB
2459440.8958427,327.1385,0.2163,10.1132,0.0007,16.3148,2.04,g,G,bB
2459444.0224279,388.7084,0.1942,9.9260,0.0005,16.4322,2.00,g,G,bB
2459444.9307536,358.9603,0.2111,10.0124,0.0006,16.3414,2.00,g,G,bB
2459445.9548934,341.5635,0.2727,10.0664,0.0009,16.0635,2.02,g,G,bB
2459446.8768943,295.5733,0.3157,10.2234,0.0012,15.9046,2.05,g,G,bB
2459449.7235244,411.9836,0.9840,9.8629,0.0026,14.6702,1.82,g,B,br
2459452.7058494,389.5795,0.6026,9.9236,0.0017,15.2026,1.46,g,B,br
2459453.0342159,383.8983,0.2125,9.9395,0.0006,16.3341,2.05,g,G,bB
2459453.7203302,395.3796,0.5008,9.9075,0.0014,15.4036,1.49,g,G,br
2459454.7072367,330.8157,0.7036,10.1011,0.0023,15.0344,1.63,g,G,br
2459454.8949492,347.6108,0.2257,10.0473,0.0007,16.2687,2.02,g,G,bB
2459455.7153854,344.4186,0.5264,10.0573,0.0017,15.3493,1.40,g,G,br
2459456.9356983,395.9297,0.1863,9.9060,0.0005,16.4774,2.04,g,G,bB
2459458.0781574,376.5040,0.1583,9.9606,0.0005,16.6541,2.14,g,G,bB
2459461.1082213,352.1954,0.1149,10.0331,0.0004,17.0020,2.17,g,G,bB
2459461.840443,354.4318,0.1185,10.0262,0.0004,16.9682,2.11,g,G,bB
2459462.7010618,265.6102,0.7213,10.3395,0.0030,15.0074,1.59,g,G,br
2459462.930928,391.7754,0.1850,9.9175,0.0005,16.4845,2.02,g,G,bB
2459465.705174,369.6471,0.5036,9.9806,0.0015,15.3973,1.44,g,G,br
2459466.6702543,293.5762,0.5422,10.2308,0.0020,15.3173,1.44,g,G,br
2459466.8481058,365.4519,0.1609,9.9930,0.0005,16.6363,2.09,g,G,bB
2459467.6692258,276.9046,0.5907,10.2942,0.0023,15.2242,1.43,g,G,br
2459467.8790156,356.0350,0.0878,10.0213,0.0003,17.2933,2.02,g,G,bB
2459470.6629167,371.9368,0.4063,9.9739,0.0012,15.6306,1.45,g,G,br
2459470.8267036,366.2928,0.1338,9.9905,0.0004,16.8362,2.15,g,G,bB
2459471.6541818,392.2596,0.3377,9.9161,0.0009,15.8314,1.50,g,B,br
2459475.0594159,285.5410,0.4125,10.2609,0.0016,15.6141,2.00,g,G,bB
2459475.6430013,403.5437,0.2721,9.8853,0.0007,16.0659,1.53,g,B,br
2459476.6472546,352.0994,0.5276,10.0334,0.0016,15.3468,1.46,g,G,br
2459476.8207223,330.3848,0.2137,10.1025,0.0007,16.3279,2.21,g,G,bB
2459479.710759,249.2041,0.8268,10.4087,0.0036,14.8592,1.46,g,B,br
2459480.6613213,454.8392,0.3576,9.7554,0.0009,15.7690,1.48,g,G,br
2459481.6393789,-72.8197,1.5427,14.1819,99.9990,14.1819,1.46,g,B,br
2459481.6406194,-168.8686,1.4003,14.2871,99.9990,14.2871,1.46,g,B,br
2459481.8973016,388.2433,0.3231,9.9273,0.0009,15.8794,2.13,g,G,bB
2459483.6535783,-177.9404,1.3604,14.3184,99.9990,14.3184,1.49,g,B,br
2459484.0643257,355.3466,0.1443,10.0234,0.0004,16.7544,2.02,g,G,bB
2459484.7710339,358.9737,0.0744,10.0124,0.0002,17.4732,2.04,g,G,bB
2459485.618716,237.9913,0.6071,10.4587,0.0028,15.1945,1.57,g,G,br
2459486.6179321,298.4666,0.5169,10.2128,0.0019,15.3691,1.50,g,G,br
2459487.0033949,380.6686,0.1691,9.9487,0.0005,16.5821,2.02,g,G,bB
2459487.6097067,339.6025,0.4585,10.0726,0.0015,15.4994,1.53,g,B,br
2459487.8613664,358.9393,0.1171,10.0125,0.0004,16.9812,2.01,g,G,bB
2459488.6332559,333.0310,0.4528,10.0939,0.0015,15.5130,1.48,g,G,br
2459489.7641147,321.0260,0.2377,10.1337,0.0008,16.2126,2.01,g,G,bB
2459490.6748327,395.6379,0.3078,9.9068,0.0008,15.9320,1.64,g,G,br
2459490.8670644,361.1611,0.0533,10.0058,0.0002,17.8367,2.02,g,G,bB
2459491.6441252,285.3246,0.5954,10.2617,0.0023,15.2156,1.47,g,B,br
2459491.7822371,363.6109,0.0965,9.9985,0.0003,17.1915,2.01,g,G,bB
2459492.6014658,354.4040,0.4243,10.0263,0.0013,15.5836,1.52,g,G,br
2459493.8696614,371.4062,0.1063,9.9754,0.0003,17.0868,2.00,g,G,bB
2459494.6283948,421.4729,0.1826,9.8381,0.0005,16.4992,1.48,g,G,br
2459495.5873687,500.2903,0.3982,9.6520,0.0009,15.6525,1.57,g,B,br
2459495.5886089,385.0383,0.3259,9.9363,0.0009,15.8700,1.56,g,B,br
2459497.8480833,451.1967,0.2608,9.7642,0.0006,16.1120,1.37,g,G,br
2459498.5965397,453.6431,0.2365,9.7583,0.0006,16.2182,1.71,g,G,br
2459498.8167279,349.0210,0.1602,10.0429,0.0005,16.6411,2.03,g,G,bB
2459499.5766017,403.8345,0.2534,9.8846,0.0007,16.1432,2.26,g,B,br
2459500.5725326,347.0030,0.4863,10.0492,0.0015,15.4354,1.57,g,B,br
2459500.9697634,356.3996,0.0970,10.0202,0.0003,17.1856,2.04,g,G,bB
2459501.5867055,436.6398,0.2170,9.7998,0.0005,16.3115,1.47,g,G,br
2459502.5684008,384.0982,0.3745,9.9390,0.0011,15.7189,1.97,g,B,br
2459504.7285744,364.6159,0.2311,9.9955,0.0007,16.2431,2.06,g,G,bB
2459505.6191906,445.3483,0.2539,9.7783,0.0006,16.1409,1.46,g,G,br
2459505.7804966,270.8894,0.5743,10.3181,0.0023,15.2547,2.02,g,G,bB
2459507.5615713,427.2177,0.2844,9.8234,0.0007,16.0179,2.03,g,G,br
2459508.5543978,349.1909,0.8557,10.0424,0.0027,14.8219,1.99,g,B,br
2459509.5809694,388.3067,0.5554,9.9271,0.0016,15.2911,1.54,g,G,br
2459509.9683156,328.9269,0.2776,10.1073,0.0009,16.0440,2.20,g,G,bB
2459510.5807207,419.0169,0.3351,9.8445,0.0009,15.8398,1.54,g,G,br
2459511.5760047,403.2992,0.3461,9.8860,0.0009,15.8046,1.48,g,G,br
2459511.8689389,370.9705,0.2858,9.9767,0.0008,16.0125,2.07,g,G,bB
2459512.5863618,446.5340,0.2119,9.7754,0.0005,16.3375,1.42,g,G,br
2459512.7828617,356.7842,0.0982,10.0191,0.0003,17.1722,2.11,g,G,bB
2459513.6010563,453.3038,0.2611,9.7591,0.0006,16.1107,1.40,g,G,br
2459514.5701637,355.4725,0.3994,10.0231,0.0012,15.6490,1.54,g,G,br
2459514.7702434,383.9465,0.1902,9.9394,0.0005,16.4545,2.07,g,G,bB
2459515.9694723,386.1457,0.1946,9.9332,0.0005,16.4301,2.09,g,G,bB
2459516.5608314,438.9546,0.1706,9.7940,0.0004,16.5729,1.77,g,G,br
2459517.5660022,452.8243,0.2380,9.7602,0.0006,16.2114,1.57,g,G,br
2459518.5693413,422.1482,0.1392,9.8364,0.0004,16.7934,1.63,g,G,br
2459519.5712169,316.2810,0.4909,10.1499,0.0017,15.4251,1.41,g,B,br
2459519.756775,387.1989,0.1518,9.9302,0.0004,16.6996,2.04,g,G,bB
2459520.6329152,447.8875,0.2480,9.7721,0.0006,16.1664,1.48,g,G,br
2459522.8362701,380.6186,0.1684,9.9488,0.0005,16.5866,2.06,g,G,bB
2459523.5880562,444.2170,0.2219,9.7811,0.0005,16.2874,1.57,g,G,br
2459524.5537478,420.7720,0.1522,9.8399,0.0004,16.6967,2.38,g,G,br
2459525.5419031,425.7027,0.1219,9.8273,0.0003,16.9379,2.26,g,G,br
2459525.9439533,378.2625,0.1626,9.9556,0.0005,16.6249,2.05,g,G,bB
2459526.5487879,419.7609,0.1502,9.8426,0.0004,16.7107,1.66,g,G,br
2459526.7474209,379.6942,0.1623,9.9515,0.0005,16.6268,2.05,g,G,bB
2459529.6900884,350.4839,0.3306,10.0384,0.0010,15.8544,2.07,g,G,bB
2459529.6913402,339.5419,0.2852,10.0728,0.0009,16.0147,2.04,g,G,bB
2459530.7499811,250.6913,0.5596,10.4022,0.0024,15.2830,2.00,g,G,bB
2459531.56596,449.3818,0.2182,9.7685,0.0005,16.3054,1.70,g,G,br
2459532.7653511,130.1698,0.8783,11.1138,0.0073,14.7935,2.06,g,B,bB
2459533.6033612,468.9107,0.3064,9.7223,0.0007,15.9369,1.49,g,G,br
2459535.5610751,453.0824,0.3007,9.7596,0.0007,15.9574,1.43,g,G,br
2459538.5754316,412.4210,0.2651,9.8617,0.0007,16.0942,2.36,g,G,br
2459539.5791577,401.5864,0.2995,9.8906,0.0008,15.9617,1.46,g,G,br
2459539.8972804,269.1166,0.5287,10.3252,0.0021,15.3446,2.04,g,B,bB
2459540.8572312,-258.1049,1.4021,14.2857,99.9990,14.2857,1.54,g,B,br
2459540.9073422,338.6933,0.2050,10.0755,0.0007,16.3730,2.08,g,G,bB
2459541.574881,290.0125,0.5736,10.2440,0.0021,15.2561,1.56,g,B,br
2459542.8724889,355.6918,0.1141,10.0224,0.0003,17.0091,2.01,g,G,bB
2459543.6188499,211.1382,0.6629,10.5886,0.0034,15.0990,1.47,g,G,br
2459543.9107547,358.0806,0.1104,10.0151,0.0003,17.0447,2.15,g,G,bB
2459544.8436178,361.5800,0.1014,10.0046,0.0003,17.1374,2.01,g,G,bB
2459546.7226358,391.9078,0.1984,9.9171,0.0006,16.4087,2.02,g,G,bB
2459547.5952433,448.4051,0.2221,9.7709,0.0005,16.2863,1.47,g,G,br
2459547.8908582,356.1085,0.1239,10.0211,0.0004,16.9202,2.15,g,G,bB
2459548.729169,439.9731,0.1991,9.7915,0.0005,16.4052,1.45,g,G,br
2459551.6018789,453.8640,0.2748,9.7578,0.0007,16.0552,1.43,g,G,br
2459552.5379731,449.2742,0.2497,9.7688,0.0006,16.1589,1.42,g,G,br
2459554.67648,444.1036,0.1990,9.7814,0.0005,16.4058,1.44,g,G,br
2459555.5695816,439.4502,0.1709,9.7928,0.0004,16.5710,1.47,g,G,br
2459564.6133126,390.5393,2.1127,9.9209,0.0059,13.8405,1.39,g,B,br
2459565.7318611,392.7765,0.2412,9.9147,0.0007,16.1967,2.32,g,G,bB
2459568.58005,427.8984,0.3328,9.8217,0.0008,15.8473,1.50,g,G,br
2459569.612328,448.8806,0.3092,9.7697,0.0007,15.9269,1.47,g,G,br
2459570.5479175,255.9531,0.6051,10.3797,0.0026,15.1982,1.99,g,B,br
2459572.6080659,434.4061,0.1899,9.8053,0.0005,16.4563,1.52,g,G,br
2459573.5706524,-113.8487,1.4271,14.2665,99.9990,14.2665,1.46,g,B,br
2459573.5718932,-116.5126,1.1139,14.5355,99.9990,14.5355,1.43,g,B,br
2459575.5459091,401.6543,0.2754,9.8904,0.0007,16.0526,1.42,g,G,br
2459585.7223092,364.8601,0.1098,9.9947,0.0003,17.0513,2.14,g,G,bB
2459586.5965229,450.2278,0.2532,9.7665,0.0006,16.1441,1.44,g,G,br
2459587.7191391,393.5509,0.1957,9.9126,0.0005,16.4237,2.03,g,G,bB
2459588.7310518,369.7966,0.1436,9.9802,0.0004,16.7601,2.16,g,G,bB
2459591.7514211,344.5287,0.1978,10.0570,0.0006,16.4121,2.13,g,G,bB
2459593.7564099,349.7090,0.1650,10.0408,0.0005,16.6089,2.18,g,G,bB
2459594.7529568,356.5006,0.1567,10.0199,0.0005,16.6649,2.07,g,G,bB
2459595.7380509,365.6621,0.1371,9.9924,0.0004,16.8100,2.06,g,G,bB
2459596.7422226,353.0085,0.1724,10.0306,0.0005,16.5611,2.19,g,G,bB
2459597.7386099,334.7319,0.2102,10.0883,0.0007,16.3463,2.19,g,G,bB
2459598.7057401,348.4567,0.2055,10.0447,0.0006,16.3707,2.24,g,G,bB
2459599.7164163,352.4976,0.1254,10.0322,0.0004,16.9065,2.36,g,G,bB
2459600.7283473,389.2074,0.2026,9.9246,0.0006,16.3858,2.00,g,G,bB
2459601.7096028,405.7544,0.2518,9.8794,0.0007,16.1501,2.09,g,G,bB
2459603.7077914,379.8366,0.2250,9.9511,0.0006,16.2723,2.07,g,G,bB
2459604.7184501,374.9606,0.1619,9.9651,0.0005,16.6294,2.07,g,G,bB
2459606.7115413,357.9549,0.1278,10.0155,0.0004,16.8862,2.13,g,G,bB
2459607.7093694,372.9287,0.1672,9.9710,0.0005,16.5946,2.49,g,G,bB
2459609.7114009,373.2843,0.2087,9.9700,0.0006,16.3539,2.46,g,B,bB
2459619.6313557,363.2543,0.4220,9.9995,0.0013,15.5895,1.49,g,G,br
2459620.6267356,614.2801,0.2922,9.4291,0.0005,15.9884,1.53,g,G,br
2459621.633748,432.9310,0.2067,9.8090,0.0005,16.3644,1.44,g,G,br
2459622.6292558,383.3374,0.3518,9.9411,0.0010,15.7869,1.49,g,G,br
2459624.6211496,444.0608,0.2470,9.7815,0.0006,16.1711,1.56,g,G,br
2459625.6255069,447.3112,0.3322,9.7735,0.0008,15.8493,1.47,g,G,br
2459626.6183967,404.1118,0.3044,9.8838,0.0008,15.9440,1.44,g,G,br
2459628.566391,476.2548,0.3973,9.7055,0.0009,15.6549,1.54,g,G,br
2459629.6083593,451.5808,0.2558,9.7632,0.0006,16.1329,1.46,g,G,br
2459633.5971745,433.0276,0.1487,9.8088,0.0004,16.7217,1.44,g,G,br
2459634.5943239,413.5729,0.2474,9.8587,0.0007,16.1691,1.46,g,G,br
2459634.5968277,426.0285,0.1680,9.8265,0.0004,16.5895,1.53,g,G,br
2459635.5929246,-167.6292,1.6411,14.1148,99.9990,14.1148,1.49,g,B,br
2459636.5806841,325.0203,0.5108,10.1203,0.0017,15.3820,2.00,g,B,br
2459637.5747535,450.4077,0.2415,9.7661,0.0006,16.1955,1.50,g,G,br
2459640.5819919,312.0647,0.5438,10.1645,0.0019,15.3141,2.07,g,B,br
2459643.5775067,328.4948,0.6138,10.1087,0.0020,15.1826,2.32,g,G,br
2459761.8755469,389.9578,0.4590,9.9225,0.0013,15.4982,1.47,g,G,br
2459767.8728665,130.5421,0.8764,11.1107,0.0073,14.7959,1.46,g,B,br
2459768.8649064,443.8491,0.5326,9.7820,0.0013,15.3366,1.44,g,G,br
2459769.84011,434.2179,0.4999,9.8058,0.0013,15.4054,1.42,g,G,br
2459770.8539599,452.6903,0.4922,9.7606,0.0012,15.4223,1.45,g,G,br
2459773.8371252,400.5207,1.2482,9.8935,0.0034,14.4119,1.68,g,G,br
2459781.8165191,36.1987,0.9104,12.5033,0.0273,14.7545,1.38,g,G,br
2459786.8133555,422.2761,0.2404,9.8361,0.0006,16.2005,1.57,g,G,br
2459788.8158963,453.8003,0.3047,9.7579,0.0007,15.9431,1.40,g,G,br
2459789.8082579,449.2973,0.3025,9.7687,0.0007,15.9508,1.49,g,G,br
2459790.8018583,462.4548,0.3438,9.7374,0.0008,15.8118,1.39,g,G,br
2459792.7847566,458.7792,0.2971,9.7461,0.0007,15.9705,1.40,g,G,br
2459793.7854292,370.5586,0.4246,9.9779,0.0012,15.5827,1.39,g,G,br
2459794.7773663,407.5821,0.3399,9.8745,0.0009,15.8243,1.45,g,G,br
2459796.7819697,380.9824,0.4232,9.9478,0.0012,15.5862,1.43,g,G,br
2459800.7745201,428.6715,0.2836,9.8198,0.0007,16.0210,1.39,g,G,br
2459801.7606928,457.4203,0.4190,9.7493,0.0010,15.5971,1.52,g,G,br
2459802.7728087,434.1585,0.4802,9.8059,0.0012,15.4491,1.55,g,G,br
2459805.7556113,466.4440,0.5819,9.7281,0.0014,15.2405,1.54,g,G,br
2459806.7486652,466.3972,0.6603,9.7282,0.0015,15.1032,1.53,g,G,br
2459820.7068762,419.1345,0.2971,9.8442,0.0008,15.9703,1.53,g,G,br
2459827.6854432,432.7090,0.2018,9.8096,0.0005,16.3905,1.42,g,G,br
2459828.6809335,456.3003,0.3121,9.7519,0.0007,15.9168,1.50,g,G,br
2459830.6886204,402.1011,0.7360,9.8892,0.0020,14.9855,1.45,g,G,br
2459835.6670056,394.6552,0.4846,9.9095,0.0013,15.4393,1.41,g,G,br
2459838.6489068,458.9930,0.2662,9.7456,0.0006,16.0895,1.41,g,G,br
2459839.6562066,476.5566,0.3231,9.7048,0.0007,15.8792,1.41,g,G,br
2459840.6468376,442.7127,0.2290,9.7848,0.0006,16.2531,1.43,g,G,br
2459843.6403079,507.6259,0.3878,9.6362,0.0008,15.6812,1.42,g,G,br
2459844.6469225,455.9511,0.3727,9.7528,0.0009,15.7243,1.41,g,G,br
2459845.6380356,434.8084,0.2211,9.8043,0.0006,16.2913,2.05,g,G,br
2459846.6300709,463.7103,0.3086,9.7344,0.0007,15.9290,1.46,g,G,br
2459847.6303689,441.4899,0.2523,9.7878,0.0006,16.1478,1.46,g,G,br
2459848.6260778,382.1231,0.3478,9.9446,0.0010,15.7993,1.43,g,G,br
2459849.6236065,498.5772,0.3949,9.6557,0.0009,15.6614,1.45,g,G,br
2459850.6338921,482.9041,0.3508,9.6904,0.0008,15.7901,1.39,g,G,br
2459853.6526029,481.9312,0.3659,9.6926,0.0008,15.7441,1.38,g,G,br
2459854.6079347,434.8420,0.2966,9.8042,0.0007,15.9721,1.51,g,G,br
2459855.6370953,475.2493,0.3575,9.7078,0.0008,15.7694,1.41,g,G,br
2459865.6688758,511.9326,0.8966,9.6270,0.0019,14.7711,1.52,g,G,br
2459866.7857921,504.9763,0.7038,9.6419,0.0015,15.0340,1.51,g,G,br
2459876.5948656,459.1325,0.4658,9.7452,0.0011,15.4821,1.59,g,G,br
2459880.5773989,450.1258,0.2533,9.7667,0.0006,16.1436,1.51,g,G,br
2459880.5786508,447.9732,0.2782,9.7719,0.0007,16.0419,1.60,g,G,br
2459882.8067146,502.7081,0.4445,9.6468,0.0010,15.5329,1.46,g,G,br
2459884.7284628,511.5160,0.4308,9.6279,0.0009,15.5670,1.40,g,G,br
2459885.8013174,498.3871,0.4158,9.6561,0.0009,15.6053,1.40,g,G,br
2459885.8025577,503.2263,0.4820,9.6457,0.0010,15.4449,1.41,g,G,br
2459886.7935078,507.1051,0.4915,9.6373,0.0011,15.4239,1.45,g,G,br
2459887.7399884,514.3491,0.4120,9.6219,0.0009,15.6153,1.48,g,G,br
2459888.7500535,523.0830,0.4810,9.6036,0.0010,15.4473,1.48,g,G,br
2459893.810803,485.0315,0.5521,9.6856,0.0012,15.2975,1.51,g,G,br
2459893.813272,485.1490,0.5583,9.6854,0.0013,15.2854,1.49,g,G,br
2459894.7399687,510.0641,0.4301,9.6310,0.0009,15.5688,1.46,g,G,br
2459897.7758004,485.9168,0.3648,9.6837,0.0008,15.7475,1.48,g,G,br
2459897.7770291,487.1373,0.3918,9.6809,0.0009,15.6701,1.49,g,G,br
2459898.7872962,106.8330,0.9020,11.3283,0.0092,14.7647,1.55,g,B,br
2459902.6122349,479.1375,0.3695,9.6989,0.0008,15.7336,1.50,g,G,br
2459907.6470049,503.6635,0.4216,9.6447,0.0009,15.5903,1.44,g,G,br
2459927.5897494,486.7120,0.3591,9.6819,0.0008,15.7647,1.65,g,G,br
2459979.6573211,432.4220,0.5028,9.8103,0.0013,15.3992,1.68,g,G,br
2459984.6283103,431.3630,0.2340,9.8130,0.0006,16.2296,1.59,g,G,br
2459988.6281817,54.9449,1.0689,12.0502,0.0211,14.5803,1.45,g,G,br
2459990.6164938,-47.7067,1.0625,14.5868,99.9990,14.5868,1.44,g,B,br
2459998.6014232,385.2121,0.3677,9.9358,0.0010,15.7388,1.52,g,G,br
2459998.6026523,388.6592,0.4048,9.9261,0.0011,15.6344,1.48,g,G,br
2459999.584291,408.8930,0.3221,9.8710,0.0009,15.8827,1.66,g,G,br
2460004.5830137,136.5954,2.1788,11.0615,0.0173,13.8071,1.67,g,B,br
2460007.5770114,425.3306,0.9099,9.8282,0.0023,14.7552,1.94,g,G,br
2460138.8907189,427.1204,0.1867,9.8237,0.0005,16.4749,1.43,g,G,br
2460142.8498115,432.2838,0.3869,9.8106,0.0010,15.6837,1.51,g,G,br
2460149.8296259,407.2040,0.2902,9.8755,0.0008,15.9960,1.43,g,G,br
2460154.8218337,417.1069,0.3279,9.8494,0.0009,15.8633,1.43,g,G,br
2460156.8075067,418.1615,0.4060,9.8467,0.0011,15.6313,1.53,g,G,br
2460161.7953038,423.1587,0.3374,9.8338,0.0009,15.8322,1.51,g,G,br
2460166.7635927,426.4139,0.2108,9.8255,0.0005,16.3431,1.64,g,G,br
2460167.9012107,395.7030,0.3181,9.9066,0.0009,15.8964,1.52,g,G,br
2460167.9026481,395.3361,0.4440,9.9076,0.0012,15.5342,1.54,g,G,br
2460190.7104,414.8759,0.2818,9.8553,0.0007,16.0278,1.49,g,G,br
2460193.7071206,410.1486,0.2455,9.8677,0.0007,16.1775,1.60,g,G,br
2460196.7036527,432.4600,0.2181,9.8102,0.0005,16.3058,1.45,g,G,br
2460202.6725566,403.7293,0.2864,9.8848,0.0008,16.0103,1.49,g,G,br
2460203.6672769,409.0415,0.2382,9.8706,0.0006,16.2102,1.43,g,G,br
2460205.675741,412.6337,0.3025,9.8612,0.0008,15.9507,1.48,g,G,br
2460207.7589823,454.2482,0.3221,9.7568,0.0008,15.8827,1.53,g,G,br
2460230.5823352,389.6327,0.3256,9.9234,0.0009,15.8709,1.66,g,G,br
2460231.5829246,396.7557,0.3384,9.9038,0.0009,15.8291,1.61,g,G,br
2460232.6131136,403.5996,0.3797,9.8852,0.0010,15.7040,1.49,g,G,br
2460234.6100375,423.6443,0.2390,9.8326,0.0006,16.2068,1.42,g,G,br
2460236.5791296,383.0856,0.3503,9.9418,0.0010,15.7916,1.51,g,G,br
2460237.58759,404.7575,0.2636,9.8821,0.0007,16.1004,1.53,g,G,br
2460238.590474,-88.4785,1.2790,14.3854,99.9990,14.3854,1.60,g,B,br
2460243.624874,402.6297,0.6152,9.8878,0.0017,15.1801,1.59,g,G,br
2460244.5652781,415.0110,0.5396,9.8549,0.0014,15.3224,1.56,g,G,br
2460251.5657281,411.4650,0.2899,9.8642,0.0008,15.9972,1.67,g,G,br
2460252.5557965,432.7526,0.1820,9.8095,0.0005,16.5022,1.61,g,G,br
2460253.5576531,222.6681,0.7168,10.5309,0.0035,15.0142,2.06,g,G,br
2460256.6010267,446.9968,0.2781,9.7743,0.0007,16.0421,1.47,g,G,br
2460267.589932,447.8772,0.3008,9.7722,0.0007,15.9571,1.45,g,G,br
2460268.6171553,421.5756,0.3594,9.8379,0.0009,15.7638,1.48,g,G,br
2460278.5924617,356.5621,0.5867,10.0197,0.0018,15.2316,1.50,g,G,br
2460282.7832002,319.5638,0.6774,10.1387,0.0023,15.0755,1.51,g,G,br
2460284.7762259,345.2006,0.4778,10.0549,0.0015,15.4544,1.45,g,G,br
2460304.5676217,457.6619,1.9551,9.7487,0.0046,13.9247,1.58,g,G,br
2460337.6627113,398.4827,1.4706,9.8990,0.0040,14.2339,1.46,g,G,br
2460341.6498598,378.6247,0.5381,9.9545,0.0015,15.3254,1.45,g,G,br
2460342.6505825,371.4362,0.4505,9.9754,0.0013,15.5183,1.43,g,G,br
2460348.6275471,363.0296,0.5301,10.0002,0.0016,15.3417,1.56,g,G,br
2460353.6154741,388.0922,0.5539,9.9277,0.0016,15.2941,1.44,g,G,br
2460354.6124651,380.8600,0.6618,9.9482,0.0019,15.1008,1.48,g,G,br
2460355.6017975,391.0165,0.4872,9.9196,0.0014,15.4334,1.52,g,G,br
